"","lambda","q","n","W","p_val"
"1",0,0,0,0,0
"2",0,0.5,1,0.0291745787150244,3.74948951294897e-95
"3",0,0.5,2,0.0200881888477651,2.25933335667121e-95
"4",0,0.5,3,0.0508227335477248,1.27478050751819e-94
"5",0,0.5,4,0.0136534741918717,1.58220975726344e-95
"6",0,0.5,5,0.0522812784873201,1.38554987634014e-94
"7",0,0.5,6,0.0105639393647173,1.33441977071074e-95
"8",0,0.5,7,0.00384521999761445,9.22832570333312e-96
"9",0,0.5,8,0.106653614945575,3.36185928159793e-93
"10",0,0.5,9,0.0800854555607811,6.93294666419651e-94
"11",0,0.5,10,0.0334929484545232,4.77700865197769e-95
"12",0,0.5,11,0.0488447919929825,1.13878002589735e-94
"13",0,0.5,12,0.0882823860270274,1.12356374944251e-93
"14",0,0.5,13,0.016845149204899,1.88753095933577e-95
"15",0,0.5,14,0.0458842438075916,9.62210580487092e-95
"16",0,0.5,15,0.0042896717120382,9.45560068514387e-96
"17",0,0.5,16,0.081493137414864,7.53026920599379e-94
"18",0,0.5,17,0.120360393858947,7.71442656088507e-93
"19",0,0.5,18,0.0425469460873675,7.96207813810556e-95
"20",0,0.5,19,0.0735152839975751,4.72090204703094e-94
"21",0,0.5,20,0.0589855130398227,2.03508920149644e-94
"22",0,0.5,21,0.02379880731147,2.77716971286874e-95
"23",0,0.5,22,0.0275004065507802,3.4143161013328e-95
"24",0,0.5,23,0.106313678185003,3.2937820086018e-93
"25",0,0.5,24,0.0700170462008985,3.85110325869475e-94
"26",0,0.5,25,0.0510417915616468,1.29082444390156e-94
"27",0,0.5,26,0.0555707956454287,1.67268631637155e-94
"28",0,0.5,27,0.0279308898978431,3.49747835296959e-95
"29",0,0.5,28,0.109295593195872,3.94213671433864e-93
"30",0,0.5,29,0.00936188583778907,1.24901219883296e-95
"31",0,0.5,30,0.0779190556294326,6.10623049842263e-94
"32",0,0.5,31,0.0459335724316513,9.64911885195679e-95
"33",0,0.5,32,0.0147809376725608,1.68387144862921e-95
"34",0,0.5,33,0.0062657332615057,1.05370040884728e-95
"35",0,0.5,34,0.00736708970582345,1.1193442320576e-95
"36",0,0.5,35,0.0307192267918265,4.08835484445941e-95
"37",0,0.5,36,0.0497041802235743,1.1959603956983e-94
"38",0,0.5,37,0.0208405732734231,2.35574656686596e-95
"39",0,0.5,38,0.0686506394453322,3.55729221231499e-94
"40",0,0.5,39,0.0543381492654738,1.5586055384502e-94
"41",0,0.5,40,0.0274004260557108,3.39529074816426e-95
"42",0,0.5,41,0.0292266424886454,3.76043287362052e-95
"43",0,0.5,42,0.0388538754329201,6.46110005308504e-95
"44",0,0.5,43,0.0797296446801656,6.78973917311756e-94
"45",0,0.5,44,0.0714663603928026,4.18977158491654e-94
"46",0,0.5,45,0.0536544182118834,1.49876818672234e-94
"47",0,0.5,46,0.0415863052848536,7.54048021487986e-95
"48",0,0.5,47,0.0251309222876558,2.991227490578e-95
"49",0,0.5,48,0.0131433809272954,1.53828619075563e-95
"50",0,0.5,49,0.0126769270339098,1.4992052410037e-95
"51",0,0.5,50,0.00620804823867827,1.05037204014293e-95
"52",0,2,1,0.967787561814168,4.6678271523804e-32
"53",0,2,2,0.975426320551929,1.5968034141179e-28
"54",0,2,3,0.983398296162729,8.67346370826275e-24
"55",0,2,4,0.979247102303523,1.99288737761206e-26
"56",0,2,5,0.975912891506748,2.85593806132325e-28
"57",0,2,6,0.991448416998598,8.15350513452127e-17
"58",0,2,7,0.985005463868572,1.23883476542183e-22
"59",0,2,8,0.994964294103675,3.51556484074118e-12
"60",0,2,9,0.995653386147743,4.87098801535219e-11
"61",0,2,10,0.991322079050753,5.90529370338688e-17
"62",0,2,11,0.992334256402468,8.63050509446089e-16
"63",0,2,12,0.994562121802839,8.40782564258188e-13
"64",0,2,13,0.994675910602995,1.25145309229411e-12
"65",0,2,14,0.997735982833486,9.70518502236076e-07
"66",0,2,15,0.996714577968448,4.833328032472e-09
"67",0,2,16,0.997405481715299,1.55219641375865e-07
"68",0,2,17,0.993256478404153,1.23669252154363e-14
"69",0,2,18,0.997980251343087,4.09975160667349e-06
"70",0,2,19,0.991640474185166,1.33995427742054e-16
"71",0,2,20,0.996979040726032,1.7312559261272e-08
"72",0,2,21,0.995263179372133,1.06754915301228e-11
"73",0,2,22,0.996031231551594,2.29841591767888e-10
"74",0,2,23,0.998836362168196,0.00129318112939667
"75",0,2,24,0.999017912875621,0.00511475543639798
"76",0,2,25,0.998198392828118,1.59113006601504e-05
"77",0,2,26,0.997053791782868,2.51089012619014e-08
"78",0,2,27,0.998045962621597,6.12410898267995e-06
"79",0,2,28,0.99957101524226,0.346519944662373
"80",0,2,29,0.997966111490471,3.76352991112335e-06
"81",0,2,30,0.998441020416419,7.82633361656864e-05
"82",0,2,31,0.996918881078315,1.28826559896736e-08
"83",0,2,32,0.999054198373273,0.0067709289429894
"84",0,2,33,0.996910925436842,1.23918363319754e-08
"85",0,2,34,0.998981248401156,0.00385920083257918
"86",0,2,35,0.998218824786395,1.8131196840065e-05
"87",0,2,36,0.997750839124521,1.05708076898824e-06
"88",0,2,37,0.998839872289117,0.00132736640491197
"89",0,2,38,0.996809290331448,7.58084875986994e-09
"90",0,2,39,0.99953966631581,0.28102643617405
"91",0,2,40,0.997353784014698,1.17823004671978e-07
"92",0,2,41,0.999728526385734,0.789830677092981
"93",0,2,42,0.998965263386763,0.00341524992185195
"94",0,2,43,0.998791928461775,0.000931084308719271
"95",0,2,44,0.999540680259491,0.282980780577333
"96",0,2,45,0.999726054571507,0.782907764216282
"97",0,2,46,0.999295950784502,0.0450693062568355
"98",0,2,47,0.999183032099875,0.0185359597261421
"99",0,2,48,0.999779278478819,0.911311835137653
"100",0,2,49,0.998150638210835,1.17543825456358e-05
"101",0,2,50,0.999155016748682,0.0148736063864166
"102",0,10,1,0.998387303375257,5.45593590462306e-05
"103",0,10,2,0.999396889611645,0.0987635713392695
"104",0,10,3,0.999278785299932,0.0393846216223998
"105",0,10,4,0.999383755847327,0.0892876250492029
"106",0,10,5,0.999003441971451,0.00457560146730034
"107",0,10,6,0.999797802797817,0.942818352344689
"108",0,10,7,0.999603903667993,0.426440734499727
"109",0,10,8,0.999785817483092,0.923323231546515
"110",0,10,9,0.999641465335532,0.530281762184013
"111",0,10,10,0.999514764973902,0.236370987810266
"112",0,10,11,0.999311746349627,0.0510109706372703
"113",0,10,12,0.999369572962835,0.0800316422976256
"114",0,10,13,0.999511723600783,0.231346562626049
"115",0,10,14,0.999472891824772,0.174840396719087
"116",0,10,15,0.999705758778837,0.723918114134663
"117",0,10,16,0.999752609135382,0.853044147945885
"118",0,10,17,0.999470290886164,0.171533197404605
"119",0,10,18,0.999717023533264,0.757081892161475
"120",0,10,19,0.999384542606867,0.0898299777661438
"121",0,10,20,0.999631150780923,0.500621754274464
"122",0,10,21,0.999252485516792,0.0320236256616207
"123",0,10,22,0.999709117854751,0.733898750688472
"124",0,10,23,0.999524329744272,0.252773430497943
"125",0,10,24,0.999526345992891,0.256349119442001
"126",0,10,25,0.999769264877096,0.891111395364739
"127",0,10,26,0.999787747569593,0.926684898566346
"128",0,10,27,0.999759476551006,0.869375933512452
"129",0,10,28,0.999484783325838,0.190695399218433
"130",0,10,29,0.999460918668111,0.16007677350629
"131",0,10,30,0.999585674156419,0.380752613003789
"132",0,10,31,0.999504704848581,0.220096351068807
"133",0,10,32,0.999599516940728,0.415140000824407
"134",0,10,33,0.999729944705009,0.793771710675962
"135",0,10,34,0.999442155706058,0.139201497615324
"136",0,10,35,0.999444036184223,0.141175291562665
"137",0,10,36,0.999809215078129,0.958302588037741
"138",0,10,37,0.999697129479181,0.698006921634082
"139",0,10,38,0.999735497714616,0.808966441861673
"140",0,10,39,0.999477302457362,0.180578994202442
"141",0,10,40,0.999495492261618,0.206044228016403
"142",0,10,41,0.999639646148758,0.52499668581329
"143",0,10,42,0.999796582493775,0.940984668490519
"144",0,10,43,0.999710731269786,0.738667089948362
"145",0,10,44,0.99970495099614,0.721508093278972
"146",0,10,45,0.999821797471714,0.971954973374123
"147",0,10,46,0.999609374132147,0.440795554345367
"148",0,10,47,0.999718389952943,0.761038545123507
"149",0,10,48,0.999606072177225,0.43209663029865
"150",0,10,49,0.99967376358415,0.626909497161363
"151",0,10,50,0.999683248707671,0.65582578111131
"152",0,100,1,0.999567393692792,0.338415589573454
"153",0,100,2,0.999711137927623,0.739866144094059
"154",0,100,3,0.999765661887945,0.883331042591599
"155",0,100,4,0.99978735402835,0.926006324359726
"156",0,100,5,0.999575638399866,0.357069771248022
"157",0,100,6,0.999774085990894,0.90110364240429
"158",0,100,7,0.999817705115751,0.967898002911092
"159",0,100,8,0.999668157632242,0.609867739394313
"160",0,100,9,0.999491597452782,0.200341388648386
"161",0,100,10,0.999705940636013,0.72446017936955
"162",0,100,11,0.999225617313518,0.0259172271010799
"163",0,100,12,0.999706626047069,0.726501485720318
"164",0,100,13,0.999643061583322,0.53493690398298
"165",0,100,14,0.999053529451793,0.00673590605748424
"166",0,100,15,0.999612897523685,0.450191233147523
"167",0,100,16,0.999564516654054,0.33207765423009
"168",0,100,17,0.999507032545686,0.223774480013076
"169",0,100,18,0.999643171135849,0.535256986936036
"170",0,100,19,0.999731910837786,0.79919551247814
"171",0,100,20,0.999582473593427,0.373084260150207
"172",0,100,21,0.999802995130728,0.950235487397053
"173",0,100,22,0.999571682150965,0.348027690827858
"174",0,100,23,0.999353544810414,0.0706814338219401
"175",0,100,24,0.999757522728306,0.864816515329996
"176",0,100,25,0.999618506433106,0.465382789862732
"177",0,100,26,0.999607182398592,0.435009868733292
"178",0,100,27,0.999335441381484,0.061390662694037
"179",0,100,28,0.999430463322803,0.127488953319901
"180",0,100,29,0.999585875664876,0.381239009147996
"181",0,100,30,0.999767094396386,0.886455866887955
"182",0,100,31,0.999612365539392,0.448765215512648
"183",0,100,32,0.999435927673533,0.13284442307125
"184",0,100,33,0.999720580851972,0.767347846484471
"185",0,100,34,0.99966747892967,0.607809108115988
"186",0,100,35,0.999699860997231,0.706245098329625
"187",0,100,36,0.999578597338054,0.363941572442544
"188",0,100,37,0.999538869010011,0.279497257005965
"189",0,100,38,0.999737278638559,0.813755408052611
"190",0,100,39,0.999597993876423,0.411261049272637
"191",0,100,40,0.999373945485488,0.0827823866919595
"192",0,100,41,0.999640363089151,0.527076915532395
"193",0,100,42,0.99968173711454,0.651216037494556
"194",0,100,43,0.999653379095825,0.565389557554818
"195",0,100,44,0.999637260956841,0.518101071569948
"196",0,100,45,0.999697352775897,0.698681451018064
"197",0,100,46,0.999627612322485,0.490628552229492
"198",0,100,47,0.999677581391197,0.638542688276148
"199",0,100,48,0.999545752226508,0.292919942439906
"200",0,100,49,0.999316819717829,0.0530778427991795
"201",0,100,50,0.999655449663174,0.571568587492977
"202",0.1,0.5,1,0.00981702576573018,1.28067724440028e-95
"203",0.1,0.5,2,0.0152339623130895,1.72656692268802e-95
"204",0.1,0.5,3,0.0364853648840713,5.65306944110463e-95
"205",0.1,0.5,4,0.00556744433634704,1.01411996621897e-95
"206",0.1,0.5,5,0.0575803502252703,1.87717016120248e-94
"207",0.1,0.5,6,0.075880115942722,5.4197114518129e-94
"208",0.1,0.5,7,0.043395166438384,8.3542226969985e-95
"209",0.1,0.5,8,0.0861395346878677,9.89975943341539e-94
"210",0.1,0.5,9,0.0557241982564924,1.68746532452125e-94
"211",0.1,0.5,10,0.00367611405416257,9.14331626308835e-96
"212",0.1,0.5,11,0.00746941309077387,1.12565015306502e-95
"213",0.1,0.5,12,0.0798025269789915,6.81882615266674e-94
"214",0.1,0.5,13,0.0566200372691237,1.77646128101176e-94
"215",0.1,0.5,14,0.145115412056901,3.55951676089735e-92
"216",0.1,0.5,15,0.0119630449256684,1.4413375194129e-95
"217",0.1,0.5,16,0.0706935311052486,4.00557505085022e-94
"218",0.1,0.5,17,0.0475173888740202,1.05586554455043e-94
"219",0.1,0.5,18,0.0837967280970142,8.62284237967092e-94
"220",0.1,0.5,19,0.056188020901104,1.73296279068465e-94
"221",0.1,0.5,20,0.055852440887738,1.69992217797738e-94
"222",0.1,0.5,21,0.0298067705207873,3.88458892376812e-95
"223",0.1,0.5,22,0.016056349960778,1.80690504302242e-95
"224",0.1,0.5,23,0.0153653505167662,1.73915423987792e-95
"225",0.1,0.5,24,0.00644592314348325,1.06416636635781e-95
"226",0.1,0.5,25,0.0245789922153544,2.90057427124592e-95
"227",0.1,0.5,26,0.106780519942003,3.38763889043554e-93
"228",0.1,0.5,27,0.11349098013403,5.08056299232405e-93
"229",0.1,0.5,28,0.00718512097412638,1.10821850857814e-95
"230",0.1,0.5,29,0.00577892540588065,1.02594502828287e-95
"231",0.1,0.5,30,0.026540678087674,3.23606997376437e-95
"232",0.1,0.5,31,0.0976391079151504,1.95868904558777e-93
"233",0.1,0.5,32,0.0686362093957296,3.55431406544994e-94
"234",0.1,0.5,33,0.0133052568156447,1.55208929031972e-95
"235",0.1,0.5,34,0.00308701762488695,8.85334185232796e-96
"236",0.1,0.5,35,0.00399137378259673,9.30244387219036e-96
"237",0.1,0.5,36,0.0479366028160203,1.08136645860842e-94
"238",0.1,0.5,37,0.0234836833332356,2.72885032370176e-95
"239",0.1,0.5,38,0.0805821875301079,7.13802234761723e-94
"240",0.1,0.5,39,0.125866176025668,1.08039300011887e-92
"241",0.1,0.5,40,0.080679573748917,7.17894545565502e-94
"242",0.1,0.5,41,0.0688767455885759,3.60428970181345e-94
"243",0.1,0.5,42,0.029720005468801,3.86575828433378e-95
"244",0.1,0.5,43,0.0504104994335305,1.24513550350509e-94
"245",0.1,0.5,44,0.0198121778391607,2.22497794055965e-95
"246",0.1,0.5,45,0.017800865180322,1.99013477810008e-95
"247",0.1,0.5,46,0.0265320072143561,3.23450341857422e-95
"248",0.1,0.5,47,0.00550453754993541,1.01062929664089e-95
"249",0.1,0.5,48,0.00644745602931474,1.06425585249613e-95
"250",0.1,0.5,49,0.0209110031130552,2.36498302299475e-95
"251",0.1,0.5,50,0.087505453537388,1.07313199368348e-93
"252",0.1,2,1,0.951849340262595,1.04495954750942e-37
"253",0.1,2,2,0.973079368044408,1.08780460427415e-29
"254",0.1,2,3,0.971505693597172,1.9835158791362e-30
"255",0.1,2,4,0.98279070148609,3.3356708720189e-24
"256",0.1,2,5,0.987099914170284,5.53662103318057e-21
"257",0.1,2,6,0.989924028495862,2.03290043108368e-18
"258",0.1,2,7,0.990751592638893,1.43099817165235e-17
"259",0.1,2,8,0.990872210253557,1.92108693605415e-17
"260",0.1,2,9,0.995680880726007,5.43774521284755e-11
"261",0.1,2,10,0.99424607100665,2.86286115049211e-13
"262",0.1,2,11,0.943952662177795,5.74979087786388e-40
"263",0.1,2,12,0.992334522752637,8.63686624773654e-16
"264",0.1,2,13,0.989091995176392,3.19257206644425e-19
"265",0.1,2,14,0.991610729697063,1.24009444167794e-16
"266",0.1,2,15,0.994069029665363,1.59202898662797e-13
"267",0.1,2,16,0.991767803359741,1.87073609462011e-16
"268",0.1,2,17,0.989981904459447,2.32146770667599e-18
"269",0.1,2,18,0.995071482465664,5.21039970522345e-12
"270",0.1,2,19,0.995308041853999,1.26597583885959e-11
"271",0.1,2,20,0.997774357095102,1.21085046554293e-06
"272",0.1,2,21,0.994754116732979,1.65007805599376e-12
"273",0.1,2,22,0.99695741084895,1.55614702392492e-08
"274",0.1,2,23,0.998332948798229,3.805284082835e-05
"275",0.1,2,24,0.997841789461337,1.79431901113007e-06
"276",0.1,2,25,0.995371964532656,1.61690181159062e-11
"277",0.1,2,26,0.997830112501974,1.67548223999347e-06
"278",0.1,2,27,0.995233825678953,9.55391336103324e-12
"279",0.1,2,28,0.997630165142415,5.32247143906479e-07
"280",0.1,2,29,0.997901500687463,2.55440893061262e-06
"281",0.1,2,30,0.998140163418615,1.10040328821842e-05
"282",0.1,2,31,0.997905012027669,2.60840116738788e-06
"283",0.1,2,32,0.998530023486932,0.000143791701669307
"284",0.1,2,33,0.998474696819534,9.83651162196088e-05
"285",0.1,2,34,0.997567564872749,3.75407872688018e-07
"286",0.1,2,35,0.9989466997506,0.00296476483018404
"287",0.1,2,36,0.998294913789364,2.9655383019615e-05
"288",0.1,2,37,0.998414510019466,6.54595900842019e-05
"289",0.1,2,38,0.996712881988313,4.79485252407646e-09
"290",0.1,2,39,0.99903597917399,0.00588016612124784
"291",0.1,2,40,0.997679589314166,7.034511182083e-07
"292",0.1,2,41,0.998265770694105,2.45359248110958e-05
"293",0.1,2,42,0.998501835082793,0.000118425245579105
"294",0.1,2,43,0.998430382401728,7.28391805424307e-05
"295",0.1,2,44,0.998468540985561,9.43260995553408e-05
"296",0.1,2,45,0.998786370077023,0.000893805907446969
"297",0.1,2,46,0.998894955375616,0.00200428293206865
"298",0.1,2,47,0.997096260715196,3.10858732310141e-08
"299",0.1,2,48,0.999358029185016,0.0731854964668297
"300",0.1,2,49,0.999054119852674,0.00676680821805833
"301",0.1,2,50,0.998952343460775,0.00309487619178016
"302",0.1,10,1,0.997020990095986,2.13157488266151e-08
"303",0.1,10,2,0.997267396092997,7.47985067241054e-08
"304",0.1,10,3,0.999327152940791,0.0575444159182844
"305",0.1,10,4,0.998712125403406,0.000520471145989685
"306",0.1,10,5,0.999422140157835,0.11971573726232
"307",0.1,10,6,0.999054106807397,0.00676612385571153
"308",0.1,10,7,0.999205058055413,0.0220436947029922
"309",0.1,10,8,0.99954675550429,0.294918312659633
"310",0.1,10,9,0.999450030903552,0.147640142920691
"311",0.1,10,10,0.998275858068038,2.6195363656329e-05
"312",0.1,10,11,0.999492951602487,0.202308359765284
"313",0.1,10,12,0.998979129757078,0.00379711422215488
"314",0.1,10,13,0.999592509910878,0.397488270637158
"315",0.1,10,14,0.999528808779571,0.260773183491837
"316",0.1,10,15,0.9989835864122,0.00392892414588128
"317",0.1,10,16,0.99963810078675,0.520524566320386
"318",0.1,10,17,0.999272591783868,0.0375127155567819
"319",0.1,10,18,0.999461522589591,0.160793651112798
"320",0.1,10,19,0.999693602109586,0.687329408755596
"321",0.1,10,20,0.999324998632945,0.0565838680425789
"322",0.1,10,21,0.999706131721537,0.725029547949604
"323",0.1,10,22,0.999681879313372,0.651649715567628
"324",0.1,10,23,0.999291273082132,0.0434444375219968
"325",0.1,10,24,0.999643879668301,0.537328942675034
"326",0.1,10,25,0.999608534486956,0.438573688052068
"327",0.1,10,26,0.999628648075329,0.493543500487355
"328",0.1,10,27,0.999224919233982,0.0257751412655692
"329",0.1,10,28,0.999799235218552,0.944926816401641
"330",0.1,10,29,0.999759948954257,0.870467640497107
"331",0.1,10,30,0.99959497534832,0.403642357663238
"332",0.1,10,31,0.999337494762088,0.0623816027896301
"333",0.1,10,32,0.999237921996471,0.0285542862667069
"334",0.1,10,33,0.999284904010079,0.0413246624614954
"335",0.1,10,34,0.999732868661635,0.801820671387561
"336",0.1,10,35,0.999728095020059,0.788627459069676
"337",0.1,10,36,0.999499783291995,0.212489940371433
"338",0.1,10,37,0.999765514208014,0.883006564261023
"339",0.1,10,38,0.999413498615647,0.112115012698667
"340",0.1,10,39,0.999266280008745,0.0356958259630849
"341",0.1,10,40,0.999686941077362,0.667079669185169
"342",0.1,10,41,0.999653830041552,0.566733542313407
"343",0.1,10,42,0.999819808134976,0.970028081184949
"344",0.1,10,43,0.999427803568607,0.124955305333905
"345",0.1,10,44,0.999645132608909,0.541000493072308
"346",0.1,10,45,0.999719100360976,0.763089143553945
"347",0.1,10,46,0.999694886584322,0.691222115503049
"348",0.1,10,47,0.999733735475827,0.804186480443239
"349",0.1,10,48,0.999522412870405,0.249412361686286
"350",0.1,10,49,0.999307474357526,0.0493320001875735
"351",0.1,10,50,0.999620001040956,0.469478144151441
"352",0.1,100,1,0.997932140301093,3.06759543617371e-06
"353",0.1,100,2,0.999431753373935,0.128734942650885
"354",0.1,100,3,0.998741157988147,0.000642309615515807
"355",0.1,100,4,0.999467841450831,0.168469995602978
"356",0.1,100,5,0.999543590665905,0.288650781635791
"357",0.1,100,6,0.999641192347055,0.52948728981843
"358",0.1,100,7,0.998561509000994,0.000178883588971631
"359",0.1,100,8,0.999737531968472,0.814433135496563
"360",0.1,100,9,0.999612559634084,0.449285196075117
"361",0.1,100,10,0.999676649462592,0.635701713705977
"362",0.1,100,11,0.99959295959976,0.398606129182256
"363",0.1,100,12,0.999504701498034,0.220091094201879
"364",0.1,100,13,0.999330729749464,0.0591744998166474
"365",0.1,100,14,0.99963681030377,0.51680265463845
"366",0.1,100,15,0.999544364782052,0.290173992260625
"367",0.1,100,16,0.999522389963375,0.249372421682725
"368",0.1,100,17,0.998981389626874,0.00386337622517745
"369",0.1,100,18,0.999568570514642,0.341033668101423
"370",0.1,100,19,0.999708399449028,0.731770040925384
"371",0.1,100,20,0.999124858409051,0.0117423517680549
"372",0.1,100,21,0.999707558520724,0.729274143575737
"373",0.1,100,22,0.999737772394604,0.815075527624903
"374",0.1,100,23,0.999541875155257,0.285297822557769
"375",0.1,100,24,0.99967791611611,0.63956324171757
"376",0.1,100,25,0.999663060085878,0.59443738098546
"377",0.1,100,26,0.999594019758794,0.401249709018089
"378",0.1,100,27,0.999663660418893,0.596250529232488
"379",0.1,100,28,0.999722827700416,0.773771355461017
"380",0.1,100,29,0.999695002406706,0.691572882430585
"381",0.1,100,30,0.999008470912911,0.00475604755660434
"382",0.1,100,31,0.999217961326208,0.0244008705337277
"383",0.1,100,32,0.999595201695925,0.404210457202557
"384",0.1,100,33,0.999756834537133,0.86319379911352
"385",0.1,100,34,0.999592496029758,0.39745379723327
"386",0.1,100,35,0.999727624539927,0.787312735291733
"387",0.1,100,36,0.999722654723957,0.77327858666058
"388",0.1,100,37,0.99954673123594,0.294869847623759
"389",0.1,100,38,0.999634713772255,0.510781144858888
"390",0.1,100,39,0.999677334937556,0.637791314681473
"391",0.1,100,40,0.999680070822231,0.646134053142558
"392",0.1,100,41,0.99947298826642,0.174964114919541
"393",0.1,100,42,0.999773673959196,0.900268770941713
"394",0.1,100,43,0.999702712993653,0.714812744604517
"395",0.1,100,44,0.99966969600781,0.614538009073006
"396",0.1,100,45,0.999716279610651,0.754921052205048
"397",0.1,100,46,0.999603163855286,0.424521619119571
"398",0.1,100,47,0.999553756735156,0.309162432909587
"399",0.1,100,48,0.999640409405744,0.527211422645442
"400",0.1,100,49,0.999645532715954,0.542174953355248
"401",0.1,100,50,0.999125221820469,0.0117757970934183
"402",0.5,0.5,1,0.0377828227560973,6.08209364040669e-95
"403",0.5,0.5,2,0.0748983152033545,5.11764508106089e-94
"404",0.5,0.5,3,0.0496843247845242,1.1946069099209e-94
"405",0.5,0.5,4,0.0211054898556226,2.39068037207952e-95
"406",0.5,0.5,5,0.00626009718060483,1.05337474075249e-95
"407",0.5,0.5,6,0.0668817922096414,3.21046870343873e-94
"408",0.5,0.5,7,0.0216867974425952,2.46919216825175e-95
"409",0.5,0.5,8,0.00353680498479225,9.07388364000838e-96
"410",0.5,0.5,9,0.0798040477744655,6.81943444171895e-94
"411",0.5,0.5,10,0.0474951391881551,1.0545292918202e-94
"412",0.5,0.5,11,0.00810073612931927,1.16536341980567e-95
"413",0.5,0.5,12,0.0594828257939756,2.09415967237494e-94
"414",0.5,0.5,13,0.135024319003078,1.89970038958701e-92
"415",0.5,0.5,14,0.0182050517156371,2.0352160083298e-95
"416",0.5,0.5,15,0.0406133144306484,7.13655954756731e-95
"417",0.5,0.5,16,0.167110218598247,1.43102019485832e-91
"418",0.5,0.5,17,0.039407316235709,6.6662604565167e-95
"419",0.5,0.5,18,0.0619217992797836,2.41010270210942e-94
"420",0.5,0.5,19,0.039453853605437,6.68381073136503e-95
"421",0.5,0.5,20,0.00381927317554887,9.21523028299412e-96
"422",0.5,0.5,21,0.110703715186842,4.29201791086239e-93
"423",0.5,0.5,22,0.0278532315751324,3.48232532584724e-95
"424",0.5,0.5,23,0.0646490911117631,2.82123729477946e-94
"425",0.5,0.5,24,0.0238175436737328,2.7800698770144e-95
"426",0.5,0.5,25,0.044751033763889,9.02226120408064e-95
"427",0.5,0.5,26,0.0647824534251871,2.84307935661846e-94
"428",0.5,0.5,27,0.131866046553426,1.56280360247501e-92
"429",0.5,0.5,28,0.0644388560017473,2.78715071272804e-94
"430",0.5,0.5,29,0.00321443537958177,8.91525922410447e-96
"431",0.5,0.5,30,0.0426922183847347,8.02788755292124e-95
"432",0.5,0.5,31,0.076339548595141,5.56722580288961e-94
"433",0.5,0.5,32,0.0585960751502574,1.99001603950635e-94
"434",0.5,0.5,33,0.029219320587785,3.75889191366261e-95
"435",0.5,0.5,34,0.00750211122253852,1.127672853652e-95
"436",0.5,0.5,35,0.0864809137895233,1.01012449349491e-93
"437",0.5,0.5,36,0.0305743971065517,4.05530113860464e-95
"438",0.5,0.5,37,0.016588353327192,1.86088933885988e-95
"439",0.5,0.5,38,0.0905233187012504,1.28294407902392e-93
"440",0.5,0.5,39,0.219168175339021,4.39699801261472e-90
"441",0.5,0.5,40,0.00759046046645151,1.13315661142345e-95
"442",0.5,0.5,41,0.0714710812777255,4.19092282469874e-94
"443",0.5,0.5,42,0.0719322011668477,4.30493533834854e-94
"444",0.5,0.5,43,0.0210865739865549,2.38816863003975e-95
"445",0.5,0.5,44,0.0826855477888437,8.07703183212961e-94
"446",0.5,0.5,45,0.0234684279852759,2.72653294766809e-95
"447",0.5,0.5,46,0.00897573323231227,1.22277106887372e-95
"448",0.5,0.5,47,0.0906086301887187,1.28944661121382e-93
"449",0.5,0.5,48,0.0198994755379936,2.23578621158417e-95
"450",0.5,0.5,49,0.00982422114917914,1.28118433883619e-95
"451",0.5,0.5,50,0.0356343732469554,5.3884980601855e-95
"452",0.5,2,1,0.847351808844761,1.35809304378414e-56
"453",0.5,2,2,0.934270378814655,2.06547308003878e-42
"454",0.5,2,3,0.950571377525364,4.3078207466674e-38
"455",0.5,2,4,0.947046563353477,4.09753280349294e-39
"456",0.5,2,5,0.95050108863529,4.10508711960459e-38
"457",0.5,2,6,0.942957725634342,3.11473319729802e-40
"458",0.5,2,7,0.959215046264082,2.57507089481776e-35
"459",0.5,2,8,0.971143299062646,1.35429605696495e-30
"460",0.5,2,9,0.972036308674115,3.49180262037506e-30
"461",0.5,2,10,0.974346062315906,4.5297123415889e-29
"462",0.5,2,11,0.968674491932115,1.10589786631016e-31
"463",0.5,2,12,0.97688321570034,9.35731015981807e-28
"464",0.5,2,13,0.982145756858894,1.24289110321136e-24
"465",0.5,2,14,0.973984981677859,2.99997773001691e-29
"466",0.5,2,15,0.965025047748181,3.56216300844576e-33
"467",0.5,2,16,0.978809944963207,1.11039362188054e-26
"468",0.5,2,17,0.980047371819962,5.95859177701616e-26
"469",0.5,2,18,0.972897162508112,8.89802724890359e-30
"470",0.5,2,19,0.981095973687163,2.63434169769783e-25
"471",0.5,2,20,0.985613875116563,3.58120490683051e-22
"472",0.5,2,21,0.972890823993742,8.83621757671478e-30
"473",0.5,2,22,0.972653474063316,6.81234729302242e-30
"474",0.5,2,23,0.980372656501599,9.388658460888e-26
"475",0.5,2,24,0.957856859170853,8.81773415392696e-36
"476",0.5,2,25,0.9876428656184,1.59437274370714e-20
"477",0.5,2,26,0.988334730524297,6.44925572659876e-20
"478",0.5,2,27,0.988843307831613,1.87209077586689e-19
"479",0.5,2,28,0.988307823968986,6.1014025295189e-20
"480",0.5,2,29,0.994917766570842,2.96850274438754e-12
"481",0.5,2,30,0.981917729361521,8.82288332531522e-25
"482",0.5,2,31,0.984587512406169,6.08451920914445e-23
"483",0.5,2,32,0.988253495190807,5.45668950516795e-20
"484",0.5,2,33,0.992995305154734,5.68260847431101e-15
"485",0.5,2,34,0.991445566967298,8.09409099911543e-17
"486",0.5,2,35,0.989458116979447,7.11808685682466e-19
"487",0.5,2,36,0.986671810955168,2.45947628480301e-21
"488",0.5,2,37,0.987095104247478,5.48578285682897e-21
"489",0.5,2,38,0.989350014671583,5.60614190536711e-19
"490",0.5,2,39,0.993147723137759,8.92461909074432e-15
"491",0.5,2,40,0.986167189663613,9.67987749967149e-22
"492",0.5,2,41,0.990788387390674,1.56507032080435e-17
"493",0.5,2,42,0.990027527680761,2.57852089601471e-18
"494",0.5,2,43,0.993701373183706,4.87725899768156e-14
"495",0.5,2,44,0.989312860242464,5.16648890223268e-19
"496",0.5,2,45,0.982333784505539,1.65280443233821e-24
"497",0.5,2,46,0.994612249771114,1.00112787775049e-12
"498",0.5,2,47,0.99239539722659,1.02255604730505e-15
"499",0.5,2,48,0.991677216615708,1.47486558570372e-16
"500",0.5,2,49,0.991473138205656,8.68812452913025e-17
"501",0.5,2,50,0.99273622335393,2.67783009112349e-15
"502",0.5,10,1,0.964041103840826,1.48046301469933e-33
"503",0.5,10,2,0.980760617528716,1.62688823818149e-25
"504",0.5,10,3,0.988097456338401,3.96752470633764e-20
"505",0.5,10,4,0.988588504310076,1.09296221811636e-19
"506",0.5,10,5,0.993485290543695,2.48527722057878e-14
"507",0.5,10,6,0.99263939446929,2.03083875686305e-15
"508",0.5,10,7,0.993164577859345,9.38527480978657e-15
"509",0.5,10,8,0.994195488811008,2.41809520566589e-13
"510",0.5,10,9,0.994023574688972,1.37189399673058e-13
"511",0.5,10,10,0.993756940964075,5.81489024049122e-14
"512",0.5,10,11,0.996740633789709,5.46638964259045e-09
"513",0.5,10,12,0.997581083013656,4.04645472760769e-07
"514",0.5,10,13,0.996873779548358,1.03439589162076e-08
"515",0.5,10,14,0.996591407149978,2.72122392153191e-09
"516",0.5,10,15,0.994920047664054,2.99315287525941e-12
"517",0.5,10,16,0.997389681719942,1.42635422823766e-07
"518",0.5,10,17,0.997063672439963,2.63838234965821e-08
"519",0.5,10,18,0.997956037557736,3.54153779382009e-06
"520",0.5,10,19,0.998529734091848,0.00014350449952429
"521",0.5,10,20,0.996387850667875,1.08035857937905e-09
"522",0.5,10,21,0.998213093234739,1.74778268278085e-05
"523",0.5,10,22,0.997901185049343,2.54961265916241e-06
"524",0.5,10,23,0.998214541985551,1.76406366770845e-05
"525",0.5,10,24,0.998629011224774,0.000287315369925207
"526",0.5,10,25,0.998184854833484,1.45973554067435e-05
"527",0.5,10,26,0.99905836936208,0.00699353975820885
"528",0.5,10,27,0.998265066374165,2.44242095495652e-05
"529",0.5,10,28,0.998314042937152,3.36077230325405e-05
"530",0.5,10,29,0.998558291626541,0.000174922668276725
"531",0.5,10,30,0.997806031096244,1.45548378594106e-06
"532",0.5,10,31,0.999046136708301,0.0063609289833185
"533",0.5,10,32,0.998721670092487,0.000557646249161779
"534",0.5,10,33,0.997539724842386,3.21893187086041e-07
"535",0.5,10,34,0.998935771343124,0.00272853869945163
"536",0.5,10,35,0.998602910003202,0.000238993337366818
"537",0.5,10,36,0.998947348809699,0.00297943831716585
"538",0.5,10,37,0.997909224292312,2.67473709400418e-06
"539",0.5,10,38,0.998245595708258,2.15359099656855e-05
"540",0.5,10,39,0.998617595422328,0.00026504464508441
"541",0.5,10,40,0.998732940798398,0.000605098931721173
"542",0.5,10,41,0.997255347320761,7.02479622940403e-08
"543",0.5,10,42,0.999381065538216,0.0874565933305748
"544",0.5,10,43,0.998858981576941,0.00153050504959133
"545",0.5,10,44,0.99758915662336,4.23225198449599e-07
"546",0.5,10,45,0.998640949502057,0.000312684302091489
"547",0.5,10,46,0.999376748409128,0.0845931698382444
"548",0.5,10,47,0.998671315578199,0.000388198937174636
"549",0.5,10,48,0.999052406630308,0.00667753304832812
"550",0.5,10,49,0.998939262270542,0.00280182152361252
"551",0.5,10,50,0.999155803736908,0.0149657698988018
"552",0.5,100,1,0.965522973939528,5.59617527111968e-33
"553",0.5,100,2,0.982684417970294,2.82951672520187e-24
"554",0.5,100,3,0.988252307081792,5.443401802121e-20
"555",0.5,100,4,0.993957025293727,1.10477462430603e-13
"556",0.5,100,5,0.994482153065625,6.37785475969582e-13
"557",0.5,100,6,0.996427386718291,1.28957231883233e-09
"558",0.5,100,7,0.995328507843606,1.36882327317128e-11
"559",0.5,100,8,0.997146352924353,4.00772024509739e-08
"560",0.5,100,9,0.996645757803627,3.50111616495899e-09
"561",0.5,100,10,0.995913997702888,1.40723605448239e-10
"562",0.5,100,11,0.996869333966238,1.01235534383842e-08
"563",0.5,100,12,0.99479113463452,1.88254711998515e-12
"564",0.5,100,13,0.997652971291129,6.0512498823659e-07
"565",0.5,100,14,0.996982073211113,1.75739174420461e-08
"566",0.5,100,15,0.996694875999732,4.40541089684064e-09
"567",0.5,100,16,0.997717311296667,8.72045670431929e-07
"568",0.5,100,17,0.998577602165363,0.000200136429639685
"569",0.5,100,18,0.997797186979117,1.38241035111286e-06
"570",0.5,100,19,0.998071631842116,7.17536355907034e-06
"571",0.5,100,20,0.999016305627266,0.00505179560358542
"572",0.5,100,21,0.998233977342726,1.99834055451552e-05
"573",0.5,100,22,0.998091282770649,8.10571535815821e-06
"574",0.5,100,23,0.996656040471144,3.67304084135088e-09
"575",0.5,100,24,0.998756411403275,0.000717775083410686
"576",0.5,100,25,0.999254456841461,0.0325244381186083
"577",0.5,100,26,0.998760989558298,0.000742167485269911
"578",0.5,100,27,0.999008068835632,0.00474135632507764
"579",0.5,100,28,0.998953428251025,0.00312054891345169
"580",0.5,100,29,0.999059710225454,0.00706667738441103
"581",0.5,100,30,0.999403700843638,0.104046302208897
"582",0.5,100,31,0.99890451858399,0.00215400551427073
"583",0.5,100,32,0.998804692279615,0.00102287991578272
"584",0.5,100,33,0.999101618482913,0.00979196123792318
"585",0.5,100,34,0.998761920186393,0.00074722960825857
"586",0.5,100,35,0.998800701125356,0.000993213998497309
"587",0.5,100,36,0.998930208088938,0.00261579418332914
"588",0.5,100,37,0.998301655476779,3.09902072993661e-05
"589",0.5,100,38,0.999297826638873,0.0457376160097757
"590",0.5,100,39,0.998972022885073,0.00359622098997276
"591",0.5,100,40,0.998572930543047,0.00019371059120403
"592",0.5,100,41,0.999169511137426,0.0166668353052806
"593",0.5,100,42,0.998072246154571,7.2027022127656e-06
"594",0.5,100,43,0.999320594296432,0.0546686261549075
"595",0.5,100,44,0.999099865715379,0.00965893106441953
"596",0.5,100,45,0.999489085042415,0.196736204849423
"597",0.5,100,46,0.999242327010829,0.0295621262534956
"598",0.5,100,47,0.999288468980762,0.0424982502575786
"599",0.5,100,48,0.999558910702783,0.319983599018768
"600",0.5,100,49,0.998454135657849,8.55316799783051e-05
"601",0.5,100,50,0.998954157408618,0.00313792787746353
"602",0.99,0.5,1,0.11516864085268,5.62468560274167e-93
"603",0.99,0.5,2,0.007270800739968,1.11344297700264e-95
"604",0.99,0.5,3,0.0243653116556396,2.86623179405883e-95
"605",0.99,0.5,4,0.0104009893416377,1.32250286677581e-95
"606",0.99,0.5,5,0.10124477116547,2.42974697383978e-93
"607",0.99,0.5,6,0.0894906507196462,1.20682549822756e-93
"608",0.99,0.5,7,0.0398081130422665,6.81895812193087e-95
"609",0.99,0.5,8,0.00521047860489587,9.94473294522008e-96
"610",0.99,0.5,9,0.0694481014041159,3.72588109823397e-94
"611",0.99,0.5,10,0.0389576962399246,6.49909152751489e-95
"612",0.99,0.5,11,0.0279993469649028,3.5108915454938e-95
"613",0.99,0.5,12,0.0222273060706434,2.54454346704797e-95
"614",0.99,0.5,13,0.0324700409981697,4.51028204034708e-95
"615",0.99,0.5,14,0.11748780350941,6.47591408793997e-93
"616",0.99,0.5,15,0.0123010830926058,1.46845072066444e-95
"617",0.99,0.5,16,0.0116992260595649,1.42053104335384e-95
"618",0.99,0.5,17,0.0393208265062932,6.6337675379781e-95
"619",0.99,0.5,18,0.0344984827204329,5.05483584180555e-95
"620",0.99,0.5,19,0.0299480766256651,3.91545634211335e-95
"621",0.99,0.5,20,0.030699478244927,4.08383166951305e-95
"622",0.99,0.5,21,0.00636784291417181,1.05961833060627e-95
"623",0.99,0.5,22,0.0115092098397931,1.40573440151816e-95
"624",0.99,0.5,23,0.0913937107779146,1.35088136463612e-93
"625",0.99,0.5,24,0.00950039668671987,1.25856357045297e-95
"626",0.99,0.5,25,0.0455555955924718,9.44408408315468e-95
"627",0.99,0.5,26,0.0304472984066592,4.02651782988196e-95
"628",0.99,0.5,27,0.00637483610372713,1.06002486514158e-95
"629",0.99,0.5,28,0.0833242326700834,8.38631397974442e-94
"630",0.99,0.5,29,0.0529788840200445,1.4419396096481e-94
"631",0.99,0.5,30,0.143470528581359,3.21179835673891e-92
"632",0.99,0.5,31,0.0325839094974711,4.53920937339943e-95
"633",0.99,0.5,32,0.0915752710250519,1.36550752826292e-93
"634",0.99,0.5,33,0.037002391829753,5.82022070658283e-95
"635",0.99,0.5,34,0.117709871069392,6.56400357866735e-93
"636",0.99,0.5,35,0.00343834091500139,9.02513179511311e-96
"637",0.99,0.5,36,0.0397750712664391,6.80623635868797e-95
"638",0.99,0.5,37,0.0572597409768285,1.8429181624937e-94
"639",0.99,0.5,38,0.00971180703709529,1.27328520881309e-95
"640",0.99,0.5,39,0.0938015031492201,1.55850060649434e-93
"641",0.99,0.5,40,0.011273393298099,1.38758881092877e-95
"642",0.99,0.5,41,0.0464520336966704,9.93773996549233e-95
"643",0.99,0.5,42,0.0742417486952716,4.92524079200023e-94
"644",0.99,0.5,43,0.0345879360011365,5.08033347740556e-95
"645",0.99,0.5,44,0.121093779572484,8.0675587849413e-93
"646",0.99,0.5,45,0.0225001467810162,2.58346290630026e-95
"647",0.99,0.5,46,0.0119439731845561,1.43982306774448e-95
"648",0.99,0.5,47,0.0444308632969539,8.85977063770267e-95
"649",0.99,0.5,48,0.00685936433938117,1.0885812756134e-95
"650",0.99,0.5,49,0.0104800143384819,1.32826857958397e-95
"651",0.99,0.5,50,0.0818427751433284,7.6865755679404e-94
"652",0.99,2,1,0.792280034975459,2.63122496978603e-62
"653",0.99,2,2,0.816431009059701,5.5749261356013e-60
"654",0.99,2,3,0.825290765081998,4.61779553487561e-59
"655",0.99,2,4,0.903620446707183,1.36376383306674e-48
"656",0.99,2,5,0.93517281913772,3.38918902016299e-42
"657",0.99,2,6,0.927146431438501,4.9690388980334e-44
"658",0.99,2,7,0.913056734113138,6.94072657746484e-47
"659",0.99,2,8,0.944909898065322,1.04568826799017e-39
"660",0.99,2,9,0.930772230875654,3.1861583561941e-43
"661",0.99,2,10,0.96084022817592,9.64035421653555e-35
"662",0.99,2,11,0.942707110760769,2.67269066907511e-40
"663",0.99,2,12,0.957984211086068,9.73846187124379e-36
"664",0.99,2,13,0.959045652095919,2.24945464063998e-35
"665",0.99,2,14,0.962638908383124,4.37419154393805e-34
"666",0.99,2,15,0.975597277079817,1.95671157803131e-28
"667",0.99,2,16,0.970839416109918,9.86247386058897e-31
"668",0.99,2,17,0.97000079611735,4.16472209288981e-31
"669",0.99,2,18,0.966580557998576,1.48606089886356e-32
"670",0.99,2,19,0.974316964704856,4.38105132716065e-29
"671",0.99,2,20,0.968107840979437,6.35988409549181e-32
"672",0.99,2,21,0.983831750891624,1.74262427371971e-23
"673",0.99,2,22,0.976823507999744,8.68889405163626e-28
"674",0.99,2,23,0.974003815027265,3.06481709122723e-29
"675",0.99,2,24,0.976411615878558,5.23157619355108e-28
"676",0.99,2,25,0.974703371486076,6.84019149507993e-29
"677",0.99,2,26,0.969780255290919,3.33024406387148e-31
"678",0.99,2,27,0.977900982817378,3.38678111494805e-27
"679",0.99,2,28,0.978529766810701,7.66940230773815e-27
"680",0.99,2,29,0.987906155546875,2.69525727508281e-20
"681",0.99,2,30,0.979551051595546,3.00942965848065e-26
"682",0.99,2,31,0.982297398833752,1.56383307773405e-24
"683",0.99,2,32,0.973846181335552,2.56351542717333e-29
"684",0.99,2,33,0.97984087756916,4.4776435861136e-26
"685",0.99,2,34,0.976201030454805,4.04685273065189e-28
"686",0.99,2,35,0.981956528414246,9.35046878765245e-25
"687",0.99,2,36,0.97286086725907,8.55000126468592e-30
"688",0.99,2,37,0.977391395848735,1.76884831346873e-27
"689",0.99,2,38,0.969237978833933,1.93204048607661e-31
"690",0.99,2,39,0.98662066610799,2.2350854875947e-21
"691",0.99,2,40,0.981051426649036,2.47006308020545e-25
"692",0.99,2,41,0.983873075301594,1.86382478934669e-23
"693",0.99,2,42,0.983819974366759,1.70959075644143e-23
"694",0.99,2,43,0.984767552999122,8.25042963137625e-23
"695",0.99,2,44,0.990062510373,2.79538302729883e-18
"696",0.99,2,45,0.987640940777497,1.58831228451698e-20
"697",0.99,2,46,0.984933114464971,1.09423654355068e-22
"698",0.99,2,47,0.987913654590166,2.73619213971665e-20
"699",0.99,2,48,0.986254093278077,1.13458266328308e-21
"700",0.99,2,49,0.986409635194613,1.51032862039635e-21
"701",0.99,2,50,0.985306716769366,2.08704658837252e-22
"702",0.99,10,1,0.911461837730198,3.48828973655349e-47
"703",0.99,10,2,0.9579976598353,9.8412762113839e-36
"704",0.99,10,3,0.972295598054898,4.61724257508852e-30
"705",0.99,10,4,0.978972967428583,1.37953179023264e-26
"706",0.99,10,5,0.982856098347106,3.69252262455464e-24
"707",0.99,10,6,0.98736587583961,9.2569552266208e-21
"708",0.99,10,7,0.989244233193845,4.44541092384156e-19
"709",0.99,10,8,0.990799179703726,1.60680315926395e-17
"710",0.99,10,9,0.990272650451953,4.55993315832784e-18
"711",0.99,10,10,0.990523616545425,8.26093677810715e-18
"712",0.99,10,11,0.992294171743732,7.72620643641058e-16
"713",0.99,10,12,0.991949411850299,3.02971851117963e-16
"714",0.99,10,13,0.993076333817575,7.21785504592945e-15
"715",0.99,10,14,0.992642439932942,2.04850374141608e-15
"716",0.99,10,15,0.997164964633393,4.4071593662e-08
"717",0.99,10,16,0.993304506158907,1.42991860045143e-14
"718",0.99,10,17,0.994699039198646,1.35772519669123e-12
"719",0.99,10,18,0.994743196644727,1.5873319817462e-12
"720",0.99,10,19,0.995052413908565,4.85626633196569e-12
"721",0.99,10,20,0.997074365410399,2.78394542669642e-08
"722",0.99,10,21,0.997602035176194,4.54715706227562e-07
"723",0.99,10,22,0.995540355257962,3.11189897437524e-11
"724",0.99,10,23,0.996400268852096,1.14198930220694e-09
"725",0.99,10,24,0.995581626387191,3.66203245811936e-11
"726",0.99,10,25,0.995437736052353,2.08434918000641e-11
"727",0.99,10,26,0.997511675214297,2.75933896278592e-07
"728",0.99,10,27,0.995156301623026,7.14088681059964e-12
"729",0.99,10,28,0.996402852788123,1.15526481587253e-09
"730",0.99,10,29,0.998166086274164,1.29592055748905e-05
"731",0.99,10,30,0.996712181059188,4.77904389028556e-09
"732",0.99,10,31,0.996699452652996,4.50117999937628e-09
"733",0.99,10,32,0.996447496966089,1.4116921373503e-09
"734",0.99,10,33,0.997825559742265,1.63138871587521e-06
"735",0.99,10,34,0.99648954664473,1.70734682086847e-09
"736",0.99,10,35,0.996935538394531,1.3976721301497e-08
"737",0.99,10,36,0.996976900217895,1.71305061865027e-08
"738",0.99,10,37,0.998275814754893,2.61879948365449e-05
"739",0.99,10,38,0.997063334039218,2.63390669996604e-08
"740",0.99,10,39,0.997273910698997,7.73852551868672e-08
"741",0.99,10,40,0.997339983018306,1.09516272452273e-07
"742",0.99,10,41,0.997699496160235,7.87733850240178e-07
"743",0.99,10,42,0.998487146031031,0.000107090303235726
"744",0.99,10,43,0.99705548623315,2.53229149065074e-08
"745",0.99,10,44,0.998648765820965,0.000330539203140869
"746",0.99,10,45,0.99689684803518,1.15702821305415e-08
"747",0.99,10,46,0.997000264711971,1.92300741112454e-08
"748",0.99,10,47,0.998300249180521,3.0706714323381e-05
"749",0.99,10,48,0.997638289329134,5.57103293103182e-07
"750",0.99,10,49,0.998030410753354,5.56617950533085e-06
"751",0.99,10,50,0.997969534366621,3.84220362772975e-06
"752",0.99,100,1,0.928753335955758,1.1215079445165e-43
"753",0.99,100,2,0.965541063249131,5.68931450788572e-33
"754",0.99,100,3,0.980246383633159,7.86430932709741e-26
"755",0.99,100,4,0.983619306541163,1.23580370618686e-23
"756",0.99,100,5,0.98826102544104,5.54168751330469e-20
"757",0.99,100,6,0.990830328688471,1.73380905247667e-17
"758",0.99,100,7,0.989271871443647,4.72245642200573e-19
"759",0.99,100,8,0.992493741524076,1.34586640854881e-15
"760",0.99,100,9,0.993353724105214,1.66049132800714e-14
"761",0.99,100,10,0.994590011431869,9.264118919561e-13
"762",0.99,100,11,0.995292112437952,1.1914791246496e-11
"763",0.99,100,12,0.995104930355109,5.89754330733579e-12
"764",0.99,100,13,0.996020732801221,2.19884920506852e-10
"765",0.99,100,14,0.996572962566788,2.49948797112462e-09
"766",0.99,100,15,0.995388243088234,1.7214279756269e-11
"767",0.99,100,16,0.99612883334988,3.48098920815033e-10
"768",0.99,100,17,0.994017322437568,1.34417525507949e-13
"769",0.99,100,18,0.997161564792414,4.33122324129732e-08
"770",0.99,100,19,0.995633886659058,4.50637644131878e-11
"771",0.99,100,20,0.996339184603221,8.70177454470191e-10
"772",0.99,100,21,0.99560294773878,3.98477968982477e-11
"773",0.99,100,22,0.997976745024611,4.01357277444022e-06
"774",0.99,100,23,0.997957508868307,3.57309353172164e-06
"775",0.99,100,24,0.995864706368453,1.14784595138395e-10
"776",0.99,100,25,0.998518595788056,0.000132890081496194
"777",0.99,100,26,0.994956403472085,3.41591646729538e-12
"778",0.99,100,27,0.99832252378028,3.55311119110949e-05
"779",0.99,100,28,0.998092494489034,8.16702945565549e-06
"780",0.99,100,29,0.996859516562729,9.65389851021634e-09
"781",0.99,100,30,0.995735350356086,6.77128141207447e-11
"782",0.99,100,31,0.997827150174118,1.64665359043016e-06
"783",0.99,100,32,0.99792071992671,2.86483087519203e-06
"784",0.99,100,33,0.997463303627287,2.11994709095637e-07
"785",0.99,100,34,0.99729002240328,8.41890999038733e-08
"786",0.99,100,35,0.997800167935792,1.4066051182205e-06
"787",0.99,100,36,0.997800041246898,1.40556796695955e-06
"788",0.99,100,37,0.997985544970109,4.23351369705833e-06
"789",0.99,100,38,0.998322203891526,3.54565311276052e-05
"790",0.99,100,39,0.999190056045855,0.0195888914449593
"791",0.99,100,40,0.997093428431504,3.06447145955597e-08
"792",0.99,100,41,0.998182165068815,1.43499854953645e-05
"793",0.99,100,42,0.999130252641288,0.0122488384901901
"794",0.99,100,43,0.999200393360398,0.0212489754742162
"795",0.99,100,44,0.998655123010581,0.000345836921825067
"796",0.99,100,45,0.99834500425385,4.12018026438001e-05
"797",0.99,100,46,0.998283340003301,2.75010860231652e-05
"798",0.99,100,47,0.998279108580097,2.67545510172253e-05
"799",0.99,100,48,0.997077226713386,2.82429159595348e-08
"800",0.99,100,49,0.998664541872676,0.00036986047350448
"801",0.99,100,50,0.998553337842571,0.000169000641374483
