"","lambda","q","n","W","p_val","skewness","kurt","bias"
"2",0,2,1,0.926342427132783,3.32474918900901e-44,-0.263365635992892,17.0424072447944,-0.0186939761168446
"3",0,2,2,0.97692448889143,9.85002087986321e-28,0.151197627783898,6.16352339647979,-0.00704277253910438
"4",0,2,3,0.96817943447458,6.81743839516827e-32,-0.121133608809389,7.04406050005435,0.0104079595854143
"5",0,2,4,0.978194756549682,4.95070669661492e-27,0.133303933022355,5.91327913981714,0.00721202381059508
"6",0,2,5,0.98631783509908,1.27533359504252e-21,0.15737160421844,4.95665568955481,-0.00206987380189971
"7",0,2,6,0.991944216385912,2.98790847011866e-16,-0.0684170018120703,4.42702316927689,-0.0074996601802802
"8",0,2,7,0.990820917695456,1.69438123599565e-17,0.0221547692870078,4.48376674080544,-0.00416106662719345
"9",0,2,8,0.994974133863949,3.64405609875778e-12,-0.0371624993293655,3.91640411150106,-0.00134330064146906
"10",0,2,9,0.992842422093487,3.63715145481912e-15,-0.0104547721834714,4.13558861518931,-0.00121518850558413
"11",0,2,10,0.996050295765356,2.49132993941474e-10,-0.00715333491433859,3.82009769003945,-0.00276773430599394
"12",0,2,11,0.9943279272741,3.77011650603933e-13,-0.014840694945993,4.01076242712134,-0.00406693201559812
"13",0,2,12,0.980276425300532,8.20224032368313e-26,-0.503809158116486,8.95510932082925,-0.00292086625136797
"14",0,2,13,0.991493156536096,9.14747341757652e-17,0.0863717450768174,4.63997264904145,0.00166294763165093
"15",0,2,14,0.998618279188432,0.000266326920867539,-0.0270391628703996,3.35489835609695,-0.00422339135233914
"16",0,2,15,0.957626520608277,7.37231756216842e-36,-0.95891196497321,21.0093922377682,0.000543899616426776
"17",0,2,16,0.996958509187695,1.56458021473869e-08,-0.0354068915463269,3.68153458081884,-0.00146881495523898
"18",0,2,17,0.995984612512607,1.88910520779651e-10,0.0422862412417925,3.79810938904449,0.00514257901642081
"19",0,2,18,0.996924538408692,1.32439141655701e-08,-0.0440634832228716,3.63065443588826,-7.71709982120973e-05
"20",0,2,19,0.99879087706978,0.000923911937137152,0.00236191667827281,3.34119321247618,0.00317376123953421
"21",0,2,20,0.996219820131097,5.15476027676818e-10,0.0806033612787578,3.82318476665054,0.00275154174162521
"22",0,2,21,0.996599541361897,2.82539855122632e-09,0.0752776320277688,3.65657576207418,0.00270128806507255
"23",0,2,22,0.997275020715269,7.78351789265672e-08,-0.0608843408681429,3.56021554036598,-0.006358077080357
"24",0,2,23,0.998940061527028,0.00281888217577118,0.00414167205306558,3.32979676411758,0.00418970500333969
"25",0,2,24,0.998315174464611,3.3857976089664e-05,-0.0673906816256871,3.38435978187279,-0.00112078083741204
"26",0,2,25,0.997111182009178,3.35212651790858e-08,-0.017167171699666,3.64814970402316,-0.000947042428354159
"27",0,2,26,0.998423107624592,6.93553694677997e-05,0.0224361680962847,3.40615247794988,0.00124330155161834
"28",0,2,27,0.996215853627638,5.06669847926262e-10,-0.0371986721526792,3.76851989251778,0.00396022133324199
"29",0,2,28,0.997767178081312,1.161592451777e-06,0.0804741809312023,3.47946837096913,0.00427538264168417
"30",0,2,29,0.997960444974785,3.63694032199906e-06,-0.0986690719234931,3.44206837635564,0.00313520448156218
"31",0,2,30,0.999335537214773,0.0614365678629895,-0.0109949295994254,3.2280048386398,0.00249628089726846
"32",0,2,35,0.99677144181546,6.32727725330196e-09,-0.113115617152909,3.66439550411479,-0.000101385858969994
"33",0,2,45,0.999355881357583,0.0719756371816747,-0.0642126913694781,3.16846752133456,-0.000565704210236876
"34",0,2,55,0.998035693293727,5.74952675651398e-06,0.0645071912026152,3.45646649411204,0.000833235013102885
"35",0,2,65,0.999381160913691,0.0875208880803238,0.0411382059654828,3.16862060183517,-0.00113646598426092
"36",0,2,75,0.999251139445823,0.0316860767579481,0.0113802389440834,3.24390691996963,-0.00208474332252394
"37",0,2,85,0.999115899329086,0.0109476047967058,0.0118651653298662,3.24137587731469,0.00131083644803341
"38",0,2,95,0.999589326391724,0.389633983856404,-0.0116378833362796,2.93379559702758,0.00109534630929699
"39",0,2,105,0.999506368124009,0.222719268780526,0.0349068094124068,3.09236844213763,-0.0023858999379177
"40",0,2,115,0.999532955807888,0.268364053707638,0.024833146827769,2.98414903639419,0.000183770030472178
"41",0,2,125,0.999674184610315,0.628191590765854,0.00319689280538429,3.08660257994456,-9.71556645339819e-05
"42",0,2,135,0.999271488744245,0.0371887116193148,0.0188729818940015,3.25894252413417,-5.19406742743487e-05
"43",0,2,145,0.997247117085173,6.73054461077007e-08,-0.0185745324417155,3.44669904821998,0.00236944687469345
"44",0,2,155,0.999059653121324,0.00706354678836384,-0.0578597935614518,3.23662559834743,-0.000638680581727533
"45",0,2,165,0.999698221277972,0.70130324552592,-0.0401812934950374,3.06275105562948,-0.000742512095661614
"46",0,2,175,0.999219136691883,0.0246277584219673,-0.0195416918560636,3.17942900002434,-0.000721459467860506
"47",0,2,185,0.999758913218049,0.868068622993111,0.0436136732505522,3.03007691863662,0.000702000439930576
"48",0,2,195,0.999428111354074,0.125246084945994,-0.0174112534728138,3.14610448834531,-0.00108271121017943
"49",0,10,1,0.999446065506479,0.143334125561362,-0.0112008194777257,3.14374752678337,-0.00955823040360539
"50",0,10,2,0.999408942288057,0.108292118566961,-0.0389361932867059,3.14977997550276,-0.0105553063846063
"51",0,10,3,0.999123406215883,0.0116096627117817,0.0427081057092126,3.24288241957577,0.0108885433171004
"52",0,10,4,0.999672882514699,0.624227320123894,-0.0383552708311914,3.0415166043122,0.00197698768556941
"53",0,10,5,0.999372460277459,0.0818380201509083,0.0348074465414439,3.18750786987249,0.00390069950728823
"54",0,10,6,0.99968690736538,0.666976982575649,0.0464138000543707,3.05247809684326,-0.00571086195162015
"55",0,10,7,0.999585039547026,0.379223584739028,0.0197312187741556,3.00757685140036,0.00490254497557276
"56",0,10,8,0.999608117054513,0.437471566669495,0.0334355077611761,3.01487419521013,0.000691829618956866
"57",0,10,9,0.999673733925139,0.626819189848615,-0.0169746854259239,3.05226905119553,0.00259958678249992
"58",0,10,10,0.999508725978488,0.226483241522282,0.040608108593792,2.99973845800591,0.00091428678179156
"59",0,10,11,0.999666187980716,0.603896736014539,-0.028447274605213,3.08994270078376,0.00905919317000301
"60",0,10,12,0.999591449036895,0.394859317192815,-0.0446589182573931,3.05293828985363,0.00562705262099446
"61",0,10,13,0.999723920088792,0.776876357874117,-0.0464410888506481,3.03352758445289,0.00169234992665165
"62",0,10,14,0.999505893768642,0.221968518262147,-0.00941324201345478,3.10390846932952,-0.00298125738225005
"63",0,10,15,0.999793392478908,0.936028628893279,0.00490937181671755,2.9935204715477,0.00358914995553595
"64",0,10,16,0.999671585992415,0.620282669784365,0.0283764102762271,3.00702488405487,-0.000332642583984244
"65",0,10,17,0.999411170853929,0.11014637161971,0.0051144448730561,3.12868596502285,-0.00278004589268645
"66",0,10,18,0.999657280401237,0.57704827367294,-0.0297683849198576,3.04375899103061,-0.00845811607222847
"67",0,10,19,0.999571916047658,0.348557612053924,0.0594106916052016,2.96478357995275,-0.00194343592201684
"68",0,10,20,0.999555955178767,0.313743384794477,-0.0610727978884827,2.97143743870254,-0.00180199844236003
"69",0,10,21,0.999355847095224,0.0719564949048974,-0.0826847079607829,2.99190623123928,-0.00278326381372109
"70",0,10,22,0.999692214309273,0.683118418540294,0.0324865792663909,2.96688773959373,-0.00599978366968901
"71",0,10,23,0.99856172665397,0.000179154872349435,0.0441393014097158,3.33578560412836,0.00393061425418907
"72",0,10,24,0.999388893826493,0.0928866958862337,-0.0537988190425268,3.14966479269063,-7.46700801445424e-05
"73",0,10,25,0.99965959730447,0.584003594275422,0.0188265258760332,2.96968178426519,0.000359248965558016
"74",0,10,26,0.999719222824673,0.763442178189408,0.0265006635998653,3.01490839454544,-0.00063851334026022
"75",0,10,27,0.99938878377753,0.0928081795613063,0.0685784525134553,3.01067592892303,-0.000865488857643452
"76",0,10,28,0.999380578338589,0.0871288650300665,-0.07062124185818,2.99948528464714,-0.0031379993478977
"77",0,10,29,0.999413343097241,0.111982463580579,0.0489291250698856,3.03110869047299,-0.00210268515507979
"78",0,10,30,0.99950030638253,0.213287490238747,-0.0502517912330396,3.03948897084713,-0.00427521264081803
"79",0,10,35,0.999556399852715,0.314676265210814,0.0429104487289007,3.0898912935406,-0.00656743506655861
"80",0,10,45,0.999607272872271,0.435247793826768,-0.0141157740747827,3.11525315262622,0.000580248133739626
"81",0,10,55,0.999587638920514,0.385513198380562,-0.024486416059317,2.87578638704186,-0.000282046742894649
"82",0,10,65,0.999736094139746,0.810574985525363,-0.00242846382041802,2.94344012639197,-0.00476953827414601
"83",0,10,75,0.999769136848648,0.890839453588573,0.00557675275038087,2.96467304824332,-0.00123253848223874
"84",0,10,85,0.999784743863322,0.921416791408227,-0.0154395276438238,2.90616352516234,-0.00209952079842046
"85",0,10,95,0.99964922301907,0.55305138264349,0.022472425262503,2.95653452825208,-0.000995609943080072
"86",0,10,105,0.999563326920719,0.32948273835911,-0.0090193770824122,3.04219493494893,-0.00243118245742383
"87",0,10,115,0.999805756621475,0.953926665687501,0.00569410594137188,3.01131369113166,0.000547207224700169
"88",0,10,125,0.999346365514035,0.066844273869463,0.0602698124537468,2.93536052603294,0.000813821529215918
"89",0,10,135,0.999550689248477,0.302857135424018,0.00104588453631326,2.94863914076525,0.00161215108514972
"90",0,10,145,0.999607437158515,0.435680029162009,-0.0568994384370171,3.03951115621234,-0.000573964340417179
"91",0,10,155,0.999772830542251,0.898548582581445,0.0416458212855197,3.06542801675648,0.00176531334052012
"92",0,10,165,0.999322765808941,0.0556048549953749,0.0614697519219455,2.89009310062122,-0.000443579668133179
"93",0,10,175,0.999660119503102,0.585574203576027,-0.00237221611091961,3.03336402663875,-0.0019224497180051
"94",0,10,185,0.999365231556061,0.0773875087546202,0.080750146452638,2.92867452626904,0.000471305812861048
"95",0,10,195,0.999512020974485,0.23183381337492,-0.0559959615142929,2.9549496382399,0.000778199267449118
"96",0,100,1,0.999486739455024,0.193421834463833,0.0728922075485583,3.04595702720419,0.00663824895398144
"97",0,100,2,0.999500129747174,0.21301788808373,0.0568716315043745,2.92433842510256,-0.0170849762864081
"98",0,100,3,0.999615838670638,0.458121907502745,0.0589415667004954,3.00646915233338,0.00146639979552613
"99",0,100,4,0.999611600295615,0.446718521524336,-0.00976272913936103,3.01266543557924,-0.00662051051157665
"100",0,100,5,0.999693838838962,0.688047196269542,-0.0181045873148706,3.00685147866552,-0.00117441678433549
"101",0,100,6,0.99958482347673,0.378703947374393,-0.00680425398239948,3.06128696939915,0.00883947179989865
"102",0,100,7,0.999717342667918,0.758007433597698,0.00301957196954712,3.07908329021124,0.00225035607007329
"103",0,100,8,0.999495258930522,0.205698646573776,-0.00824249822807602,2.84926922724083,-0.00342577598641521
"104",0,100,9,0.999550714416872,0.302908460240304,0.0445313630860315,3.03285592694128,0.000292311432857632
"105",0,100,10,0.999634493131799,0.510149281765344,-0.0419938924838895,3.07369575529115,0.00286995395250148
"106",0,100,11,0.999580692287571,0.368863067653379,-0.0051065270303689,3.04428174337628,0.00251448511517598
"107",0,100,12,0.999842630702252,0.987342073490327,-0.0120326823999276,2.99086402815217,0.00555060532331894
"108",0,100,13,0.999469674689795,0.170757932145405,0.0212897415868755,2.96469112921309,-0.00370635830186238
"109",0,100,14,0.999684517851246,0.659695291232393,-0.00672986805733958,2.97473619814967,0.00290276818137918
"110",0,100,15,0.999498986876009,0.211280598972643,0.05131299514225,2.97944369026528,0.00204217645137746
"111",0,100,16,0.999520594534687,0.24625847505769,0.0629443696672636,3.0386947555201,0.00462501208369617
"112",0,100,17,0.99979547421019,0.939289472414511,-0.0031468962550498,3.00391934167276,0.00359627542356243
"113",0,100,18,0.999786665296311,0.924810290717226,0.028131607459014,3.00233623118376,-0.000940785876528823
"114",0,100,19,0.99937949888039,0.0864069165297682,0.0429651537240408,2.91421398221538,7.09520675092926e-05
"115",0,100,20,0.999070333480356,0.00767438845664711,-0.0388404936162977,2.78370590115447,-0.00726916527519272
"116",0,100,21,0.999733456333285,0.803425651543939,0.0171775393837566,2.95080378652256,0.00288787702395415
"117",0,100,22,0.999741411272899,0.824698987570993,0.00167852308096192,2.95080237685479,0.000939926164656154
"118",0,100,23,0.999477754911242,0.181177051743354,-0.0380460848209554,3.02638685673748,-0.00209337167413207
"119",0,100,24,0.999708306656714,0.731494847774596,0.0358327109240253,3.00445406175952,0.000384181187015047
"120",0,100,25,0.999594436920107,0.402293073541478,0.0318128525262944,2.90925853278334,-0.00418705044823524
"121",0,100,26,0.999765691130608,0.883395242236272,-0.0154251511010966,2.96556802177322,-0.00442945634760708
"122",0,100,27,0.99952980614447,0.262582560217862,-0.00647359806537621,3.12665972844147,0.00233804445057875
"123",0,100,28,0.999587068328204,0.384126515550324,-0.00723261774728289,3.11225571757016,-0.000419923619626091
"124",0,100,29,0.99984184492246,0.986908265420998,-0.0167325688125074,2.98157924072205,-0.000289788677288046
"125",0,100,30,0.999637863291056,0.519838728900981,0.0360060786842522,3.00242715328373,0.000961704895826615
"126",0,100,35,0.999696287506757,0.6954619184446,-0.0120406898023862,2.95595103094605,0.000270238050460877
"127",0,100,45,0.999800254551608,0.94639832089249,0.00599798932817009,2.9482769557454,0.000806066003770207
"128",0,100,55,0.999617070205967,0.461465918509618,0.0395675379956818,3.03300784067084,0.00166531099672518
"129",0,100,65,0.999456882574387,0.155359604346308,-0.0437176249963093,2.87788099820182,-0.0019926382561992
"130",0,100,75,0.999593630423551,0.400277540983459,0.0265845946823643,2.96334111770366,0.00150067740707333
"131",0,100,85,0.999580837319808,0.369205499913244,0.0175364782914045,3.12572148193638,0.000281053061824728
"132",0,100,95,0.999654061015379,0.567422309627359,-0.032332693374903,3.01811172859749,0.00171677399290877
"133",0,100,105,0.99982331389657,0.973367041336988,0.0275055699005916,2.99374053332835,-0.000479344181700627
"134",0,100,115,0.999686239510933,0.664942408639999,-0.0156478973158929,2.88473045704979,0.000654139340358539
"135",0,100,125,0.999798807078518,0.944301586418718,-0.0152693832211448,3.00249044633829,-0.00100663120457126
"136",0,100,135,0.99966826220254,0.610185022341416,-0.0324067423839915,3.11248581306473,-0.000490106281700889
"137",0,100,145,0.999778760952114,0.910320691407047,0.00118378331656031,2.96081135334934,-0.00139884115959876
"138",0,100,155,0.999561239211764,0.32496602474446,-0.047577853389801,3.00198308305643,-0.00127563776860137
"139",0,100,165,0.999609218997386,0.440384535169567,-0.0528499490988219,2.96261320451948,0.000443217741929626
"140",0,100,175,0.999657887935347,0.57886993988976,-0.00828491876108634,2.90416109198043,-0.00113157591096203
"141",0,100,185,0.999599376526578,0.41478142320738,0.0286375916719666,3.08788926977485,6.23361268037623e-05
"142",0,100,195,0.99966933478198,0.613440897399431,-0.0365488582729557,2.96716348021408,-0.00132105395508444
"143",0.1,2,1,0.953348137513078,3.02661817750198e-37,0.692389711720555,9.22617778359748,-0.00142355995489801
"144",0.1,2,2,0.979083157494475,1.59865252387228e-26,0.247871817216833,5.63248943571361,-0.0104833213913507
"145",0.1,2,3,0.965555949777991,5.76715405030972e-33,0.705517228800725,9.50303270894836,0.00283669305158195
"146",0.1,2,4,0.979146099149565,1.73955782758409e-26,0.266324618546583,5.8657606052696,0.00531962236717278
"147",0.1,2,5,0.99099212918266,2.58158534552679e-17,0.202729441653887,4.30926933924152,-0.010544225810867
"148",0.1,2,6,0.972553351537883,6.10757624680367e-30,0.651725019980206,9.52828127910921,0.00856063732568121
"149",0.1,2,7,0.994436334419529,5.45027282843288e-13,0.139720774126128,3.93086115574002,-0.00948031600223651
"150",0.1,2,8,0.99326760059538,1.27889816267058e-14,0.167489568772662,4.00536519440903,-0.000116066333065565
"151",0.1,2,9,0.99029318458033,4.78516933732001e-18,0.28162231406788,4.34426556186584,0.000618746545620447
"152",0.1,2,10,0.991704631052947,1.58460253473084e-16,-0.0401149402308409,4.42415917181313,-0.00261516794779043
"153",0.1,2,11,0.990606136871015,1.00677094438272e-17,0.197627706720959,5.09715097448291,-0.00617401536600032
"154",0.1,2,12,0.988267203097793,5.61243560266611e-20,0.148950885354817,5.33347187352694,-0.00189815126360397
"155",0.1,2,13,0.996785714102245,6.77263439956804e-09,0.137947034952098,3.61592367025672,-0.00445135347422404
"156",0.1,2,14,0.998787152317162,0.000898957668708528,0.078423660869843,3.30736396459877,-0.00119754226106323
"157",0.1,2,15,0.992447088788236,1.18105404384727e-15,0.230556753481281,4.09111318655116,-0.0020671156643377
"158",0.1,2,16,0.996569242827916,2.45708709106732e-09,0.148442498454634,3.60400060800537,-0.00169997181163531
"159",0.1,2,17,0.997107789393761,3.29506811303747e-08,0.148200980946787,3.49322354374378,-0.00154173386750853
"160",0.1,2,18,0.996911928636804,1.24526447505047e-08,0.173555424191265,3.45189301435602,0.00314785026902509
"161",0.1,2,19,0.998943463846916,0.0028927083430689,0.0489139199626498,3.27927596696293,0.000132328903552573
"162",0.1,2,20,0.992200412516093,5.97297027441517e-16,0.26608645204841,4.37421696889959,0.00030426039019959
"163",0.1,2,21,0.995275370222082,1.1180553325696e-11,0.0511836653541235,3.89710003318704,-0.00184804702756463
"164",0.1,2,22,0.998323504972367,3.5760889077423e-05,0.0885387733839648,3.38681281808596,-0.00583844731716791
"165",0.1,2,23,0.99824618610937,2.16180661301598e-05,0.0666467477713615,3.37988227690723,-0.00380778987844153
"166",0.1,2,24,0.993578776992276,3.32087422146558e-14,0.215119796827324,4.16960804214721,0.00303105967837231
"167",0.1,2,25,0.997795232248362,1.36677966443839e-06,0.126069643707158,3.41967378405422,-0.0011077479605443
"168",0.1,2,26,0.991060957078616,3.06256203366557e-17,-0.00367612171098818,4.68658387465229,-0.00164576447138115
"169",0.1,2,27,0.997718008887524,8.75531635723779e-07,0.127348478764205,3.40313601188804,-0.00206205303277155
"170",0.1,2,28,0.997082017299853,2.89320489694501e-08,0.14562381015927,3.5336011451201,0.000149751122107606
"171",0.1,2,29,0.989627279305159,1.03790733605427e-18,0.0870065582039079,4.84921996223453,-0.00647202839679646
"172",0.1,2,30,0.981248960628846,3.28917209563661e-25,0.503225723568445,8.58804779923659,-2.41313443104551e-05
"173",0.1,2,35,0.997871411922855,2.13668916646499e-06,0.172300812586883,3.22523962737942,-0.00197818697949823
"174",0.1,2,45,0.996015637529763,2.15214792373286e-10,0.129165238496563,3.81089253705861,0.000356537543556907
"175",0.1,2,55,0.998327006007012,3.65933999553027e-05,0.0948415370297307,3.35507407847742,-0.000934505783077884
"176",0.1,2,65,0.999595738240586,0.405559182579544,0.0452142953802141,3.10811253146144,0.00129018340601821
"177",0.1,2,75,0.999289346169173,0.0427920316156306,0.0727645405466977,3.12538362537023,-0.000747701375334458
"178",0.1,2,85,0.999016722238541,0.00506803881877745,-0.0077392776700124,3.25885690520863,-0.000234230058204143
"179",0.1,2,95,0.999235042762557,0.0279141484208758,-0.0209352239912776,3.23265578391714,-0.00212259734460461
"180",0.1,2,105,0.998748469700938,0.000677405325757411,0.0971699924601214,3.18984629727735,0.00149466650175068
"181",0.1,2,115,0.998558560822219,0.00017525056872862,0.11389865746745,3.18908865336414,-0.00174901268663694
"182",0.1,2,125,0.999094397544313,0.00925559718458513,0.0635845601319927,3.23025844036625,0.0016990116801551
"183",0.1,2,135,0.999096066938673,0.00937688302101479,0.0201885770253522,3.26816222453958,-0.000289896836879879
"184",0.1,2,145,0.999673072863347,0.624806685906465,0.00369396749637115,3.07292829122151,0.000326043627573604
"185",0.1,2,155,0.999139231959259,0.0131415431661954,0.0769718575372029,3.19996347486819,-0.00126961313162924
"186",0.1,2,165,0.999067707417266,0.00751937513566949,0.070018092296363,3.16865851681061,-0.00105025015327478
"187",0.1,2,175,0.998892719634042,0.00197084965230364,0.0698813603004295,3.28827714844101,-0.00095756665505476
"188",0.1,2,185,0.998614050475368,0.000258498384764546,0.10997437957199,3.27210124490607,-0.000591616356719706
"189",0.1,2,195,0.997436121829902,1.83015304416602e-07,0.0771559625350914,3.40921757557687,-0.000621207590941696
"190",0.1,10,1,0.99814045480504,1.10242194961119e-05,0.131186236043941,3.25817618530125,-0.0144207468861824
"191",0.1,10,2,0.99674616597712,5.61152788481527e-09,0.218152101548646,3.34286678269312,0.0155441922819246
"192",0.1,10,3,0.998646065848798,0.000324255379386017,0.12382596898828,3.0523066880467,-0.00810940918365904
"193",0.1,10,4,0.999149780413122,0.0142748184640684,0.0896462205387689,3.06591445765279,-0.00494927817246042
"194",0.1,10,5,0.998829578906249,0.00122966441072415,0.106589329255974,3.20410967760495,-0.000140509435093035
"195",0.1,10,6,0.999568536591014,0.340957990076417,0.0564971846376716,2.98117081990512,-0.00191404959450494
"196",0.1,10,7,0.999225884447645,0.0259718062071049,0.0885850406285899,3.11344794453038,0.00751517389815948
"197",0.1,10,8,0.999044788930709,0.0062948965401268,0.11400483067178,3.0999447477526,0.00269335555083377
"198",0.1,10,9,0.999663176553401,0.594789047531638,0.0532413258126912,3.09436784692866,-0.00553249772470006
"199",0.1,10,10,0.99955184246681,0.305215796206631,0.0505557773052503,3.07311077404038,-0.00236221520200316
"200",0.1,10,11,0.999619286907938,0.46751892272324,0.0506292256501362,2.9987562357604,0.000434939735766769
"201",0.1,10,12,0.999604252955427,0.427348661209417,0.0451472501387723,2.97095907186866,-0.00146064364144896
"202",0.1,10,13,0.999382216784632,0.0882356998307501,0.0653361690064791,3.122321361882,0.00197079873475758
"203",0.1,10,14,0.999562828103149,0.328399298169152,0.0251563126688671,2.89229185374042,-0.00619107363378972
"204",0.1,10,15,0.999705493819299,0.723128008644306,-0.00553574155527834,3.06798859342135,-0.000174733164244258
"205",0.1,10,16,0.999635134949205,0.511988281723622,0.0504561915678088,2.9242348431701,-2.49924121119063e-05
"206",0.1,10,17,0.999766562103347,0.885299549601483,0.0172656637757536,2.97031261360439,-0.0053824398813218
"207",0.1,10,18,0.999833802504661,0.981840323685871,0.0120695043387719,3.04469254181221,-0.00306027429855239
"208",0.1,10,19,0.99942513006184,0.122455811858363,0.0713646028157184,3.04624067685864,-0.000274458140078569
"209",0.1,10,20,0.999766367449013,0.884875272880618,-0.00391369867213774,3.0648223770865,0.00595142386697029
"210",0.1,10,21,0.999626320682592,0.487005507792908,0.00590980463139407,3.07186908441822,0.00144174571304004
"211",0.1,10,22,0.999708026525758,0.730663738071815,0.00741634017313681,3.04214565955411,0.00380740052479945
"212",0.1,10,23,0.999364234936621,0.0767924939965368,-0.027997916731541,3.07714663293841,0.00324743826855143
"213",0.1,10,24,0.999786072757288,0.923772693357225,0.00316805330573407,3.05904281651107,-5.99248390523934e-05
"214",0.1,10,25,0.998879579826218,0.00178561546713644,0.0991535357847258,2.85445932297878,-0.00261137548196038
"215",0.1,10,26,0.99905632104347,0.00688330077170725,0.104480231549779,2.93700973710096,0.00102029340763085
"216",0.1,10,27,0.999709101685174,0.733850875157062,0.028944091407527,3.01004631517192,0.00331832172331099
"217",0.1,10,28,0.999522844907048,0.250166643601895,0.074074178295909,3.02903996516552,0.00155095810152769
"218",0.1,10,29,0.999799435766866,0.945218226483428,-0.0129421191407854,2.9961986806878,0.00143572338463376
"219",0.1,10,30,0.999670881677097,0.618141056636385,-0.0182061357824165,3.09205638619175,0.00280563217208169
"220",0.1,10,35,0.999578901155389,0.364652421888235,0.0663268637508221,3.00646747409967,-0.00169646946827361
"221",0.1,10,45,0.9995483044552,0.298024611291173,0.0156507543171592,2.93642286687782,0.00151746337242438
"222",0.1,10,55,0.999747808495982,0.841139082731441,0.0152272797151739,2.9974977908374,0.00129851133374145
"223",0.1,10,65,0.999766452709144,0.88506120303508,-0.00822768789494013,3.0397600964219,-0.00322406365955966
"224",0.1,10,75,0.999631516749253,0.501660860755318,-0.0125102361112487,3.02908858241757,-0.000547965960926808
"225",0.1,10,85,0.999206823198515,0.0223521449089043,-0.0318599174450647,3.2023462484993,0.00195134449901744
"226",0.1,10,95,0.999440905390202,0.137903217959089,-0.000795671364377298,3.15951044977107,-0.000714368343271187
"227",0.1,10,105,0.999742047245023,0.826361280347138,0.0163754678507355,2.98513388259873,-0.000397705960475776
"228",0.1,10,115,0.999780573003079,0.913765249683319,-0.00895283152261804,3.04174905256257,0.000970053038875472
"229",0.1,10,125,0.999764177869787,0.88005073283583,0.0266764789342231,2.95304657366136,0.00142693066999051
"230",0.1,10,135,0.999692305666854,0.683395776775434,-0.00883600027887852,3.0598225094778,-0.00174253305566101
"231",0.1,10,145,0.99930144134115,0.0470530719551111,0.067813177153743,3.03668817309708,-0.00121540596407672
"232",0.1,10,155,0.99951174545282,0.23138233792437,-0.00855465747277383,3.12271499903786,-0.00119603376219833
"233",0.1,10,165,0.999577036885186,0.36030598828691,-0.0342084123234422,2.97235083629155,0.000954378134290383
"234",0.1,10,175,0.99954700259116,0.295412113453448,0.0609911582063827,2.93010612746148,-0.000451692929638888
"235",0.1,10,185,0.999386835774044,0.0914287641516872,0.035543229514601,2.94395834388156,0.000341868668474077
"236",0.1,10,195,0.999804435272683,0.952182378621936,-0.00420782794349528,2.9766198863445,3.1874922190029e-05
"237",0.1,100,1,0.998126743597632,1.0114681432957e-05,0.162722338300654,3.09969238566031,0.000919202658792515
"238",0.1,100,2,0.999048860465385,0.00649654166744873,0.0924872170953289,3.07782851472366,0.00784853416274361
"239",0.1,100,3,0.998128776958715,1.02444905585563e-05,0.174048995235607,3.15168068064587,0.00486753745508408
"240",0.1,100,4,0.99947883620797,0.182613451441465,0.0587556312818432,2.96767558986516,-0.00585991326192237
"241",0.1,100,5,0.999289369575646,0.0427998981448068,0.0908761899983813,3.04689489951573,0.00969043829800149
"242",0.1,100,6,0.999593732922973,0.40053333150114,0.046817297882511,3.03139084864792,0.00840787836285911
"243",0.1,100,7,0.999737822920092,0.815210425013247,0.00661648284238532,2.96162563945933,0.000701963119027654
"244",0.1,100,8,0.999336625655301,0.0619602943386025,0.0564912741657412,2.95284358594118,0.00185922701275082
"245",0.1,100,9,0.999083589483251,0.00850802926994821,0.102158743719902,2.96636179940378,-0.0113723807340144
"246",0.1,100,10,0.999664987935808,0.600264038117807,0.0322469937855518,3.04106512167939,0.000833504556430354
"247",0.1,100,11,0.999479286978601,0.183215236109969,0.0578964811712807,3.0777577486142,-0.00696257477859607
"248",0.1,100,12,0.999344081682909,0.0656665451641991,0.0723301329754726,2.91819832122669,-0.00775672080686452
"249",0.1,100,13,0.998932890196746,0.00266954001548167,0.0723027848887375,2.8191565927398,0.000836699777894294
"250",0.1,100,14,0.999709164174148,0.734035885604227,0.0147422545455105,2.95486875191851,0.000496107655381644
"251",0.1,100,15,0.999615317599438,0.45671113476315,0.0483245947697999,2.96307754464234,-0.00679609822925335
"252",0.1,100,16,0.999414201904221,0.112716270485328,0.0780311078143902,3.07271487035675,0.000728930241586382
"253",0.1,100,17,0.999339329201072,0.0632800396459689,0.0561132686271087,2.90092294033212,0.000961137090533097
"254",0.1,100,18,0.999238501811451,0.0286849586090916,0.0874169048793648,2.98477079059936,-0.00926073778458452
"255",0.1,100,19,0.99956135317957,0.325211382878483,0.0399984421177558,3.122254337695,-0.0015008853877095
"256",0.1,100,20,0.999585792505939,0.381038230696025,0.0394690257142082,3.0010477324281,0.00331895075472149
"257",0.1,100,21,0.999725684775183,0.781866287604913,-0.0219615950617917,2.95262540092399,0.00480146783363925
"258",0.1,100,22,0.999429864873869,0.12691475285501,0.010185622268099,3.13118585550345,-0.000468079841814181
"259",0.1,100,23,0.999549066242257,0.299561693290791,0.0492556375067983,3.08150777634405,0.00411005725635866
"260",0.1,100,24,0.999589892626239,0.391023337240017,0.0669498593953175,3.04361207474501,0.0037433707585886
"261",0.1,100,25,0.999765260761505,0.882448687023372,0.0155160652865787,2.96731386439901,0.00329239132857242
"262",0.1,100,26,0.999143605673234,0.013599952238743,0.0786168980172405,3.17354166258044,-0.00141443907941282
"263",0.1,100,27,0.999643421854389,0.535989802624786,0.0385541407710076,2.90665449865797,0.000103991483769707
"264",0.1,100,28,0.999189122423631,0.0194455386657954,0.0821137609569791,2.94619131714118,0.000328430559906543
"265",0.1,100,29,0.999295162673288,0.0447914062529956,0.0777915820474315,2.89076566034439,-0.00385332241673476
"266",0.1,100,30,0.999640096016539,0.526301593232724,0.0452097831656943,2.97100025363753,0.000597454946618999
"267",0.1,100,35,0.99951872588322,0.243052036976545,0.0363473489366064,2.96447364253945,0.000860457181160019
"268",0.1,100,45,0.999738948914572,0.818207511012469,0.0428006206998144,2.97432152225049,0.000462216418753702
"269",0.1,100,55,0.999763379885252,0.878268909626749,0.0304994863977523,3.04391937994604,-0.00337344984844476
"270",0.1,100,65,0.999763519408529,0.878581350724081,-0.0190769126109305,3.04874969656804,0.000769788922913667
"271",0.1,100,75,0.999475533943087,0.178258163954023,0.0488509098517897,2.95847328170403,-0.00314152406370148
"272",0.1,100,85,0.999712143096212,0.742824933045051,-0.00668587550003849,3.04011566954627,0.000926260866956427
"273",0.1,100,95,0.99956972062235,0.34360667278746,0.0672722838540529,3.04611374893737,0.00185010093287696
"274",0.1,100,105,0.999451059535624,0.148776289688719,-0.0626249096220568,3.01112328169693,-0.000759937949085435
"275",0.1,100,115,0.999580925816634,0.369414556973077,0.0130759360525565,3.09472418548982,0.00156998347159209
"276",0.1,100,125,0.999666353842988,0.60439914769144,-0.00775772324578954,3.07642565083344,-0.00176402302952772
"277",0.1,100,135,0.999567158548076,0.337894244515628,0.0122553294924314,3.08463565853472,-0.000168970361031791
"278",0.1,100,145,0.999709185972546,0.734100417907899,-0.0164879971446202,2.96506189954573,-0.00142371104113703
"279",0.1,100,155,0.999625946834978,0.485959389854465,-0.0033808274798349,3.0054902235933,-0.00149060379309456
"280",0.1,100,165,0.99951986931523,0.245009894591845,-0.0563963001735285,3.08078200796972,-0.00232113864066375
"281",0.1,100,175,0.999547090813028,0.295588581427548,0.0415860327723221,2.93475344779465,0.00153499808367504
"282",0.1,100,185,0.999682141375172,0.652448939798572,0.0378679675959081,3.02029101042309,-0.001197818087271
"283",0.1,100,195,0.999670518127483,0.617035985189199,-0.0237190512682411,3.10103316187065,0.00011997546566308
"284",0.5,2,1,0.850963538046178,3.67400158461681e-56,2.2314592719484,14.193650318096,-0.0121372165187624
"285",0.5,2,2,0.889253019851281,6.06937233316342e-51,1.92125541478064,12.6274942501546,0.0150003266571072
"286",0.5,2,3,0.93925303429115,3.41843149784969e-41,1.16669964573124,6.47619516749863,-0.00619827545807876
"287",0.5,2,4,0.941184075097496,1.06644556672642e-40,1.18019349046064,6.25210933817893,0.00406796845965504
"288",0.5,2,5,0.949738445689115,2.44165831027671e-38,1.09929573103311,6.27693678023346,-0.00295842277829379
"289",0.5,2,6,0.964602634105913,2.43778361193833e-33,0.871713280436204,4.88049549566513,-0.000919675932945335
"290",0.5,2,7,0.967904593329199,5.22492467930864e-32,0.819513663818965,4.70550072472329,0.00304531600760461
"291",0.5,2,8,0.936509809822268,7.13231673365692e-42,1.71869675804278,22.2420995614172,0.00390025304826379
"292",0.5,2,9,0.9662880675712,1.13160610652272e-32,0.858949759447866,5.37579261582103,0.0028566210221082
"293",0.5,2,10,0.957061673802155,4.7680609559857e-36,1.07591293804061,8.1748541732894,0.00162519627925908
"294",0.5,2,11,0.95404643498638,5.01399780335277e-37,1.13394460077801,9.11308342628942,0.00176487590426802
"295",0.5,2,12,0.979381517085315,2.38999024373366e-26,0.63895624237666,4.04836728254313,-0.000728946014535837
"296",0.5,2,13,0.9778535087875,3.18638962501781e-27,0.659721742990578,4.09551423460201,0.000396753704505577
"297",0.5,2,14,0.98480337645029,8.76855838033631e-23,0.538136536215679,3.84386259440934,-0.0059068634064737
"298",0.5,2,15,0.969868182229323,3.64021033374071e-31,0.839208051363531,6.18983087220001,-0.00214983606099405
"299",0.5,2,16,0.981268772532633,3.38544251175977e-25,0.612505542542729,4.19834079693789,-1.18699138445998e-05
"300",0.5,2,17,0.977973929302455,3.72025035012751e-27,0.675404753741719,4.7120254849417,-0.00209660249253539
"301",0.5,2,18,0.982852057934882,3.66937786517187e-24,0.583430150515261,4.1135868248984,-0.00153671254281771
"302",0.5,2,19,0.98676162036996,2.91126951132903e-21,0.499289278932191,3.8892654587079,0.00206161141978909
"303",0.5,2,20,0.982500975609838,2.13363775554777e-24,0.585760918638096,3.99824014071261,0.00208738119339754
"304",0.5,2,21,0.983053980219964,5.03097779504779e-24,0.576585934564956,4.00743597836432,-0.00347335857527456
"305",0.5,2,22,0.989524948369931,8.25753183826168e-19,0.439341288623289,3.71169109432582,-0.00476895265822917
"306",0.5,2,23,0.983380019077201,8.4245233972251e-24,0.57330303171129,4.16652843155839,-0.00119763551818984
"307",0.5,2,24,0.984188925436855,3.12928624546951e-23,0.559125091389919,4.12593583021983,0.00501199027172691
"308",0.5,2,25,0.985639146948116,3.74529085531762e-22,0.523088517571872,4.06766057196877,-0.00308283397465517
"309",0.5,2,26,0.980592393805864,1.28053359501754e-25,0.624876125083324,4.60693596621404,0.000108787523332962
"310",0.5,2,27,0.959600671118746,3.50888080791125e-35,1.12562043515507,12.5574670610046,0.00194977227389771
"311",0.5,2,28,0.986815952602135,3.22526888684056e-21,0.502049467258095,3.74231937255807,0.00416967794737311
"312",0.5,2,29,0.98685988919615,3.50457764491117e-21,0.486608876969843,3.78477956372328,-0.0086836894705961
"313",0.5,2,30,0.988687833900275,1.34669302289661e-19,0.454858221370263,3.64980767525989,0.00191873563231393
"314",0.5,2,35,0.989919487565708,2.01188459129138e-18,0.428808278203265,3.5418095857207,0.00220950569994321
"315",0.5,2,45,0.991676533432917,1.47223325448004e-16,0.386667952881975,3.31833284931936,-0.0037449647991207
"316",0.5,2,55,0.991597752121096,1.19896190281016e-16,0.372118676096684,3.97148417192165,-0.00135869697054513
"317",0.5,2,65,0.991020353500164,2.76863223315198e-17,0.387112198635552,4.03986599992414,0.00184199124001823
"318",0.5,2,75,0.988127274909154,4.21568501169223e-20,0.462080798631419,4.38181554790597,0.00333966560387915
"319",0.5,2,85,0.997498031302769,2.56094080674726e-07,0.20412008628388,3.1685529613299,0.000547097048203693
"320",0.5,2,95,0.993233047692093,1.15242085867709e-14,0.345697326475864,3.41057573813972,-0.0011440033044267
"321",0.5,2,105,0.99418971802048,2.37210623675195e-13,0.316528793434115,3.4025481793557,-0.00114746401797533
"322",0.5,2,115,0.996044576044626,2.43175061430945e-10,0.244814737859774,3.42214485423724,-2.32035057996983e-05
"323",0.5,2,125,0.99789764011137,2.49638300331682e-06,0.180167596346822,3.11886787601807,-0.00188367182105094
"324",0.5,2,135,0.992531942467322,1.49842353284091e-15,0.339283268078792,3.81207617228722,-8.57569880525838e-05
"325",0.5,2,145,0.99571919580602,6.34372132551158e-11,0.25127687429209,3.23772039241829,-0.000497737532157341
"326",0.5,2,155,0.995573608734787,3.54777787253726e-11,0.266719156802141,3.41631474761719,-0.00150533333896772
"327",0.5,2,165,0.998527132242108,0.000140948885865813,0.148113028173369,3.04577285601542,-0.00142194817401932
"328",0.5,2,175,0.997588136275396,4.20829018546303e-07,0.194673101898913,3.14354446381781,0.000729658634226246
"329",0.5,2,185,0.998327838553681,3.67943121710067e-05,0.159010803371719,2.98848756004567,0.000337619221354379
"330",0.5,2,195,0.997880869986297,2.25975801519516e-06,0.184730786472357,3.17457648149608,0.000183796655212611
"331",0.5,10,1,0.964588381760635,2.40693535366623e-33,0.799834498949942,3.93968497560281,0.0028382799823034
"332",0.5,10,2,0.980496442469236,1.1178761272957e-25,0.602732373969537,3.62913052037677,0.00454805494044916
"333",0.5,10,3,0.986135400619314,9.13526636292773e-22,0.500850826531309,3.40135605104923,-0.000585648707592309
"334",0.5,10,4,0.992909432117467,4.41930379602745e-15,0.349424219130468,3.11508434511991,-0.00457413816177777
"335",0.5,10,5,0.99447086937259,6.13523837950682e-13,0.301360613988388,3.10380701540461,-0.000475147822422401
"336",0.5,10,6,0.990369195628901,5.72371563648802e-18,0.39397372013382,3.10421715119103,-0.00138090071863716
"337",0.5,10,7,0.991122657382664,3.57221554116176e-17,0.380322877525597,3.07982038883304,0.0051763761132031
"338",0.5,10,8,0.995407011001074,1.85066741846696e-11,0.277082463198734,3.04922842980867,0.00367527813984599
"339",0.5,10,9,0.994757154617306,1.66798563645525e-12,0.301697500156411,3.23942851788248,0.00867637369056603
"340",0.5,10,10,0.995431741063677,2.03646682218465e-11,0.279383136085604,3.0764240006454,0.00199227250159868
"341",0.5,10,11,0.994817714136594,2.07017026105551e-12,0.288578533789547,3.03461059276596,0.00433152406972807
"342",0.5,10,12,0.99481214586135,2.02932276475901e-12,0.291188155696639,3.05809012103527,0.00205332740803687
"343",0.5,10,13,0.997075504107332,2.79992968598448e-08,0.216410157303657,3.12227686223268,-0.00221436684866715
"344",0.5,10,14,0.997463148664302,2.11816645771903e-07,0.20157165808986,3.06426614373782,-0.00320288284945395
"345",0.5,10,15,0.997078218238367,2.83841379430062e-08,0.20656319954235,3.0018384469254,-0.00837459126516974
"346",0.5,10,16,0.996442890161924,1.3826974881875e-09,0.238970049132978,2.99774022403242,0.00185486733278704
"347",0.5,10,17,0.996908306262712,1.22345234253589e-08,0.226776836416144,3.0904913269155,-0.000345456239801318
"348",0.5,10,18,0.997195976620057,5.16697591338161e-08,0.206583004382415,3.10395164087758,0.000335149774135773
"349",0.5,10,19,0.998038364619552,5.84461815484484e-06,0.176865847028556,2.99965332336743,-0.00203684055829837
"350",0.5,10,20,0.997185328351444,4.89183543480575e-08,0.21288652916158,3.17793124150661,-0.00356469694929063
"351",0.5,10,21,0.997336049133722,1.07261527242717e-07,0.189896626939148,2.90801357473954,-0.00367142539555014
"352",0.5,10,22,0.997475019278964,2.25916811356134e-07,0.197768101080431,3.12069037858967,0.00473775371653678
"353",0.5,10,23,0.997244363282324,6.63496824035174e-08,0.211038412233924,3.1689029783757,-0.00318810681423334
"354",0.5,10,24,0.996143557635317,3.70794293134541e-10,0.259058234438277,3.17694185865806,0.00242803406760178
"355",0.5,10,25,0.998034294218972,5.70036565853181e-06,0.175751839477589,3.05185601221714,0.00196361622179246
"356",0.5,10,26,0.998100507875412,8.58481648413326e-06,0.174758341169564,3.07372105698681,0.000735683038479004
"357",0.5,10,27,0.997590566492594,4.26559445422783e-07,0.196227430536167,3.0770146150244,0.00173468322560634
"358",0.5,10,28,0.998027241029197,5.45908610802368e-06,0.179120281365869,3.00145639185052,-0.00248247123115914
"359",0.5,10,29,0.997868306426981,2.09781408342671e-06,0.177032446506367,2.93809776150948,0.00171144426652903
"360",0.5,10,30,0.998036228220283,5.7684392213874e-06,0.170761587306788,2.97431928280051,0.00644045302463478
"361",0.5,10,35,0.999065664952516,0.00740101905076673,0.112142790807152,3.096336284771,0.00127441462795486
"362",0.5,10,45,0.999380633214717,0.0871657202060898,0.0657276253447981,2.95690398234455,-8.96160132812486e-05
"363",0.5,10,55,0.999196637564055,0.0206300678503535,0.0970721452470978,3.03243410723032,-0.000682438601668632
"364",0.5,10,65,0.999511922411544,0.231672220490873,0.0329299088148387,2.86313904794488,-0.00265161396209036
"365",0.5,10,75,0.998785640050003,0.000889025484005889,0.11196267410399,2.92282621317834,-0.00218022185521871
"366",0.5,10,85,0.999570854374325,0.346156967775318,0.064403520514793,2.98439567711732,0.0024376014570757
"367",0.5,10,95,0.998902703221667,0.00212472477467781,0.118117709294477,3.11656443955153,0.0012546470264363
"368",0.5,10,105,0.999429882095167,0.126931242756788,0.0639563453166589,2.95579245524995,-0.00176231691070845
"369",0.5,10,115,0.999426447358275,0.123681492961665,0.0862275650178949,2.98984727667535,-9.13342457426533e-05
"370",0.5,10,125,0.999452659548938,0.150559407487227,0.0586341542086573,2.96122580122854,0.00184637342438775
"371",0.5,10,135,0.999208800205992,0.0227027635166835,0.100106917860583,2.96162888106535,-0.00130434548637728
"372",0.5,10,145,0.999573696855398,0.352611438574294,0.0567582167323371,2.944402031559,-0.000568795260334485
"373",0.5,10,155,0.999511435765615,0.230875767405459,0.0728511583187502,2.98931730405393,0.000728564371149187
"374",0.5,10,165,0.999730315752781,0.794798839607259,0.00366368696324889,2.99437301624253,0.000828939551995515
"375",0.5,10,175,0.999490845406384,0.19925623044058,0.0673563787521273,2.99618049911344,-0.00289843333300151
"376",0.5,10,185,0.999596177564607,0.40666569341295,0.0456774151246137,2.9833253495398,0.000694739381329188
"377",0.5,10,195,0.999733234200886,0.802819502076622,0.0166437715937323,2.99992005056211,0.000527323692424729
"378",0.5,100,1,0.971302812571117,1.60125009109738e-30,0.688874786385723,3.53400622562099,-0.00962053291683664
"379",0.5,100,2,0.983045940624225,4.96789214558814e-24,0.534281638924457,3.28817062796762,0.00442711958916677
"380",0.5,100,3,0.98868202000504,1.3302899431687e-19,0.442071426157829,3.29061475075608,-0.00955652877929059
"381",0.5,100,4,0.993067938165934,7.04059126396524e-15,0.32994152758602,3.01598500618124,-0.0026462112356663
"382",0.5,100,5,0.99332507359653,1.52196214795765e-14,0.327476642722949,3.01987206361044,-0.00149529837393817
"383",0.5,100,6,0.995731445830575,6.66527927845744e-11,0.274440486940308,3.14811190085365,0.00577292672291845
"384",0.5,100,7,0.995544906079454,3.16811669995086e-11,0.268775060526809,3.00716171760672,-0.00393374778397855
"385",0.5,100,8,0.99713098403607,3.7062498857722e-08,0.212688737695367,3.07924245242462,-0.00665914413619684
"386",0.5,100,9,0.995906711434509,1.36535908528512e-10,0.257429080089561,3.002184799713,0.000477728676529275
"387",0.5,100,10,0.997324923074331,1.01141521762446e-07,0.197535538193905,3.1262048402041,4.9152180772436e-05
"388",0.5,100,11,0.997091833706895,3.03991811338479e-08,0.217117285295802,3.08903927947913,0.000401226104625552
"389",0.5,100,12,0.99853402705566,0.000147826562937662,0.141653235692755,3.05122788366984,0.00118692214122648
"390",0.5,100,13,0.997148754457276,4.05707759516747e-08,0.2174206329207,3.08422837449702,-0.00578513388820014
"391",0.5,100,14,0.997245121174376,6.66113118490867e-08,0.209986288035801,3.02342510084068,0.000378140270945778
"392",0.5,100,15,0.998208254790462,1.69452876741374e-05,0.163953715463133,2.98809997834176,-0.00643605957500425
"393",0.5,100,16,0.998150155040925,1.17186296021606e-05,0.168229073371125,3.02358811588208,-0.00123154431188335
"394",0.5,100,17,0.997006574266271,1.98416233997006e-08,0.224971819136843,3.09597770051644,-0.00241422456882113
"395",0.5,100,18,0.997507604678277,2.69853259296519e-07,0.195970277248181,3.01961983458292,0.0045313991178953
"396",0.5,100,19,0.99796898060617,3.82936082532255e-06,0.177435062040013,3.16788689168611,0.00535539121867426
"397",0.5,100,20,0.996619463471331,3.09837329718255e-09,0.233008535016729,3.21183833226781,-0.00285616718676443
"398",0.5,100,21,0.998134265908168,1.06036041585826e-05,0.171624067246721,3.00815249472497,0.0020923442639286
"399",0.5,100,22,0.998542975485591,0.00015727439625808,0.143614994924404,3.0740200635952,0.00433358927647093
"400",0.5,100,23,0.999068076858988,0.00754098853106031,0.11863823317612,2.99110834454484,-0.00246797743359023
"401",0.5,100,24,0.998121197525328,9.76922384885642e-06,0.152574073354528,3.04134483561541,-0.000726698446080268
"402",0.5,100,25,0.998505619104965,0.000121541803088509,0.149879544500359,3.01136225534717,-0.00677386161968554
"403",0.5,100,26,0.998272124973621,2.55680804317328e-05,0.167455724404875,3.06487355984924,-0.000280092862165254
"404",0.5,100,27,0.998978561901402,0.00378064781793749,0.120105836344795,3.13748364632737,0.00298728756877758
"405",0.5,100,28,0.998797097450673,0.000967190305983518,0.115058450277806,2.90142199317103,-0.00471824343819084
"406",0.5,100,29,0.998427241877964,7.13134914937646e-05,0.150626298490973,2.95282320059195,0.000969506561335068
"407",0.5,100,30,0.998677129567027,0.000404688051019911,0.121906293923302,2.93057720178319,0.000392702324716361
"408",0.5,100,35,0.998398846154816,5.89340522641744e-05,0.153586620240141,3.01029910864882,0.00210648293591165
"409",0.5,100,45,0.99711783937443,3.4670908601766e-08,0.222923460801267,3.11274667555882,0.000762110851238247
"410",0.5,100,55,0.99983177879451,0.980376001944598,0.029111505239601,2.98990105507899,-0.00292708149631309
"411",0.5,100,65,0.999374283264843,0.0829986176986717,0.0594545471915987,2.86764649263032,0.000925535993071924
"412",0.5,100,75,0.999292342169543,0.0438106290014182,0.0818626036287974,3.00283848727131,0.00102806362394297
"413",0.5,100,85,0.999629150376636,0.494960204025655,0.0423822691223687,3.07111211357482,0.00118818169957668
"414",0.5,100,95,0.99975745544715,0.864658252332824,0.0106440635758836,2.98847353575973,0.000922025961791993
"415",0.5,100,105,0.999612888953466,0.450168239453712,0.0360312159712183,2.94902743289795,-0.00119430122451646
"416",0.5,100,115,0.999444495260161,0.141661037232095,0.0702774899493699,3.04872686650894,-0.00205366244785957
"417",0.5,100,125,0.999344009078125,0.0656294365980507,0.0671211540701172,3.11095115158929,0.000453976539007002
"418",0.5,100,135,0.999726381506571,0.783827297935288,0.0208534399306631,3.0340043596947,0.00117931309847
"419",0.5,100,145,0.999215747661986,0.0239792247770907,0.106587620111712,3.06149752606671,-0.00196108728241647
"420",0.5,100,155,0.999739348324833,0.819266363112654,0.0316368001978834,3.04301710386047,-0.00166958163215857
"421",0.5,100,165,0.998872437017372,0.00169253185098805,0.125180911947602,2.97690154374722,-0.00103641801607239
"422",0.5,100,175,0.99932055681085,0.0546526007888964,0.0654017264009079,2.92543717666413,-0.00058534761264743
"423",0.5,100,185,0.999634011880197,0.508772324986791,0.0168773664479323,3.08052803653447,-0.00199022839893468
"424",0.5,100,195,0.999712078390256,0.742634684433046,0.0120962620325282,3.03397396823443,0.00113040760438639
"425",0.99,2,1,0.783077254102968,3.92236928726803e-63,2.70755587820973,16.6701567590126,-0.00509949064218429
"426",0.99,2,2,0.886571530859132,2.35754731809578e-51,1.63171436845638,7.623669828104,-0.00014857273315762
"427",0.99,2,3,0.883732809247184,8.83799019235471e-52,1.92058447541816,12.3826681986219,-0.0133396969183195
"428",0.99,2,4,0.926736365767719,4.04641925537201e-44,1.26687393368596,5.80747548982797,-0.0143214056553057
"429",0.99,2,5,0.925747572250754,2.47534970256373e-44,1.36904284578996,7.22445267240984,0.000136955077979904
"430",0.99,2,6,0.911663678743892,3.80348021511686e-47,1.70980115446804,12.2179568677927,-0.0086873196817567
"431",0.99,2,7,0.939561351409595,4.09130183103267e-41,1.25874074525956,7.87309197861173,-0.00561167093522975
"432",0.99,2,8,0.939619468801649,4.23259660279845e-41,1.20338317938724,6.42722590619826,0.00621429180441872
"433",0.99,2,9,0.940988956682815,9.49344104304425e-41,1.29692739840672,9.13892237293402,0.000711591643791883
"434",0.99,2,10,0.944974512087035,1.08909484789814e-39,1.19048325632407,7.31221103673976,-0.00406258658251452
"435",0.99,2,11,0.960382639445115,6.61914926952984e-35,0.906416957977818,4.62178517688429,-0.00471638308051289
"436",0.99,2,12,0.923598633657137,8.66240172792233e-45,1.72231979138129,16.1048340544026,-0.00447421220471512
"437",0.99,2,13,0.959766024931684,4.00959292316474e-35,0.940963047285328,5.12724705536284,0.00240589804161951
"438",0.99,2,14,0.963639775798001,1.04043424814959e-33,0.880974759057492,4.76733016011003,-0.00381875018838003
"439",0.99,2,15,0.957963360543434,9.58123143348429e-36,1.01900840953837,6.62417631350445,0.00504700039727052
"440",0.99,2,16,0.976966307690327,1.03764522856667e-27,0.675657636408616,4.12353122984283,-0.00436033704702645
"441",0.99,2,17,0.968748253232844,1.18915597255657e-31,0.809917007651995,4.5876646132798,-0.00015790223807387
"442",0.99,2,18,0.967471675031674,3.44856528218979e-32,0.844032842165764,5.12720345729367,0.00739695674702578
"443",0.99,2,19,0.971248755633591,1.51276589753631e-30,0.773707744520911,4.50195152191355,-0.00271330746164234
"444",0.99,2,20,0.962802514505045,5.03345442887663e-34,0.931957732410222,5.81720712351765,0.00136203886265067
"445",0.99,2,21,0.964096154377671,1.55422644918834e-33,0.8973075567946,5.38857601597355,0.00028269675602735
"446",0.99,2,22,0.972783177910069,7.85121392703831e-30,0.751281530408565,4.50510432408453,0.00136930063975137
"447",0.99,2,23,0.971490276380097,1.95142704446597e-30,0.79797332042814,5.47266312705966,-0.00239155003282345
"448",0.99,2,24,0.980851474023324,1.85265222393253e-25,0.606783013966004,3.75910760965262,-0.00194738986553265
"449",0.99,2,25,0.980908283332826,2.00994293037175e-25,0.608788767290326,3.82605841602574,-0.000154318025782639
"450",0.99,2,26,0.976904034245915,9.60259341769473e-28,0.688012591566833,4.27202449974936,-0.00393735384938558
"451",0.99,2,27,0.978259197409851,5.38343932704726e-27,0.647458760747694,3.81465630596645,0.00312008926115185
"452",0.99,2,28,0.981791841587435,7.31223175972316e-25,0.592191761773514,3.74093267439351,-0.00271869657280463
"453",0.99,2,29,0.980525687210882,1.16507028805257e-25,0.625233228626715,4.16618127817422,9.86713342397231e-05
"454",0.99,2,30,0.960341731952726,6.40142814828875e-35,1.05172183331593,8.99696387304331,-0.00394218032444183
"455",0.99,2,35,0.98639209312865,1.46220568716187e-21,0.50501806389754,3.55055876763189,-0.00505491839057265
"456",0.99,2,45,0.980250210676982,7.90655148049929e-26,0.648545093917621,5.37644836588841,-0.00302612292185117
"457",0.99,2,55,0.986897153708335,3.76094254297348e-21,0.500701548600345,3.76237202917971,-0.00287331765813622
"458",0.99,2,65,0.992140285692248,5.06979924814524e-16,0.378319093219376,3.34391907132976,-0.00095275426977521
"459",0.99,2,75,0.992037319951191,3.83638258417666e-16,0.380445112465265,3.41721749092496,0.00119212909917627
"460",0.99,2,85,0.994115106565073,1.85266244354124e-13,0.32202850194914,3.24040901562165,-0.00139561975452341
"461",0.99,2,95,0.992149127454134,5.19322857920494e-16,0.377593290447429,3.37118733870184,-0.000542567044890687
"462",0.99,2,105,0.995489687007189,2.55141050420665e-11,0.276883601681504,3.12611489458039,-0.000845133276988948
"463",0.99,2,115,0.992728479579383,2.61901469289805e-15,0.352750086537548,3.5271797468789,0.000610082432147497
"464",0.99,2,125,0.995343894246961,1.45181393963172e-11,0.278468639888344,3.08692225751696,-0.000762149549010604
"465",0.99,2,135,0.994194332907304,2.40881024688392e-13,0.320943708947316,3.36104047779185,0.000469036148671504
"466",0.99,2,145,0.995220550539992,9.08742585072404e-12,0.287553616834992,3.32542423465541,-0.000590949872162504
"467",0.99,2,155,0.994891856026016,2.70280271909439e-12,0.292570202458942,3.14333193306536,-0.000106782266570711
"468",0.99,2,165,0.993796695209025,6.59857256055214e-14,0.322459381525459,3.48814341794059,-0.000278205951196733
"469",0.99,2,175,0.995444506035033,2.13982501724787e-11,0.260987284198607,3.23138762249792,-0.00126761008180397
"470",0.99,2,185,0.995925742458633,1.47755938554234e-10,0.263847207549952,3.12698084895652,-0.000455578971946155
"471",0.99,2,195,0.995316249557543,1.30622634156878e-11,0.277991580738704,3.21813851897078,-0.00102534173534675
"472",0.99,10,1,0.912687527762309,5.91343691568185e-47,1.18196675320082,4.74194977728586,0.00798324307104158
"473",0.99,10,2,0.962215743731763,3.04910425963713e-34,0.770589636314723,3.53995898089638,0.0244398844333114
"474",0.99,10,3,0.973581084762137,1.90192633496426e-29,0.657769494636243,3.44185098215849,-0.0120830018617724
"475",0.99,10,4,0.981713512624918,6.5090049581463e-25,0.552833234788089,3.32338534204951,-0.00143212921621529
"476",0.99,10,5,0.984124933419066,2.81568943719671e-23,0.52236726322962,3.32304159322974,-0.00239989735466917
"477",0.99,10,6,0.987253941428138,7.44921005489975e-21,0.482824705763334,3.42469608730317,-0.00316269166878286
"478",0.99,10,7,0.989387155463075,6.08425687382057e-19,0.431910256690687,3.23520750469904,-0.00306937062697813
"479",0.99,10,8,0.990976707082386,2.48493546339127e-17,0.389584214419942,3.13861227905627,0.00658118175417827
"480",0.99,10,9,0.991399267118215,7.1890335289741e-17,0.392137593831118,3.34858129339754,0.000492435664633511
"481",0.99,10,10,0.992709931591056,2.483499379456e-15,0.344863456768062,3.06575344926715,-0.00193488091801763
"482",0.99,10,11,0.992070762349363,4.19880930995769e-16,0.374896354628457,3.30565830029036,0.00199993188288731
"483",0.99,10,12,0.994086534117467,1.68626554335073e-13,0.306043307525394,2.99678651941862,-0.00182235371623901
"484",0.99,10,13,0.994954216792726,3.38882190675994e-12,0.289300452091985,3.05082124262041,-0.000465450367181464
"485",0.99,10,14,0.994840174170093,2.24376057698682e-12,0.295038031139056,3.10801293088728,0.00615986855741305
"486",0.99,10,15,0.994654164660341,1.15937227266554e-12,0.301929658659396,3.08065903012473,-0.00214849141496579
"487",0.99,10,16,0.993803456412823,6.7423542257346e-14,0.335300356656803,3.24978337862043,-0.00021005530851739
"488",0.99,10,17,0.995440553071486,2.10724984883252e-11,0.281349722871299,3.16779948359471,-0.00150776376216485
"489",0.99,10,18,0.995721398612657,6.4003370486534e-11,0.261718440451896,3.09808331176193,-0.000562012620362016
"490",0.99,10,19,0.995761914040513,7.54036415212542e-11,0.261957406078832,3.02524683116381,0.00195313971738552
"491",0.99,10,20,0.997458556129513,2.06609338665524e-07,0.200657359115432,3.01131256735052,-0.00432111086283365
"492",0.99,10,21,0.995792756438911,8.54797740969065e-11,0.2426095114106,2.90516166100012,-0.000383979127341838
"493",0.99,10,22,0.994562384876647,8.41550838074006e-13,0.302868682175442,3.14406939076734,0.00213608644186893
"494",0.99,10,23,0.99589710673816,1.31212020563821e-10,0.264945309119805,3.15298287635575,0.00225006527588908
"495",0.99,10,24,0.995995137238769,1.97438885918858e-10,0.262230211587555,3.06960587578353,0.00211109737713793
"496",0.99,10,25,0.995111433240582,6.04167942665735e-12,0.293057454225103,3.15917158230772,-0.00107967799968049
"497",0.99,10,26,0.994974730069973,3.65199598937502e-12,0.293844795892889,3.13111582316157,-0.00386636902447033
"498",0.99,10,27,0.997067002662889,2.68285052256202e-08,0.212457729135501,3.05576697964499,0.00124371166329414
"499",0.99,10,28,0.995565352596166,3.43397548986346e-11,0.269575624062192,3.05935303439666,0.0020212805903797
"500",0.99,10,29,0.996205489654701,4.84388358806422e-10,0.250167028733541,3.06923228422504,-0.0021354647573079
"501",0.99,10,30,0.996846246488919,9.05470373917261e-09,0.2345242835748,3.18969064337997,0.00195229712149989
"502",0.99,10,35,0.996791140440191,6.950378235244e-09,0.233684633745662,3.12457556872134,0.000861983387777388
"503",0.99,10,45,0.997307970588697,9.25041123680544e-08,0.196883785585256,3.10580749837661,7.83886819283999e-05
"504",0.99,10,55,0.999078173507468,0.00815682342137079,0.113368497569611,2.97731767221931,-0.00147755790129496
"505",0.99,10,65,0.998650866504063,0.000335515274988003,0.139440533501947,3.04056001541298,-0.000678892167805153
"506",0.99,10,75,0.998727465317111,0.000581545751049499,0.130270875243684,3.0180801631221,0.000192745457012239
"507",0.99,10,85,0.998348185012991,4.20768590437352e-05,0.144610947418306,2.87937716882842,-6.12741238550502e-05
"508",0.99,10,95,0.99870604971239,0.000498149312777186,0.131427764825525,3.13612409118182,0.00163936454213742
"509",0.99,10,105,0.999335487351849,0.0614126788187827,0.0834001343834493,3.03372824220631,0.0015042038266187
"510",0.99,10,115,0.999169529264117,0.0166692094302576,0.105921621213733,2.95415039682056,-0.000103749526093331
"511",0.99,10,125,0.999140349367413,0.0132571500096561,0.100668689095182,3.02252989309891,-0.00239445776208492
"512",0.99,10,135,0.998841404028203,0.00134257450864426,0.122487553066221,2.95984871372299,2.396133283955e-05
"513",0.99,10,145,0.999001513807708,0.00450828734889766,0.11533873369713,2.95671952313789,-0.00136690463562248
"514",0.99,10,155,0.999380820750082,0.0872917827695707,0.0409995747694675,2.86030678099619,0.00114147096719686
"515",0.99,10,165,0.998534540875754,0.000148352821454923,0.13538807781327,3.01625507911364,0.000252276636176977
"516",0.99,10,175,0.99958621280657,0.38205374269929,0.0650108928259714,3.05922613332771,0.000123299062762448
"517",0.99,10,185,0.999420323329492,0.118078786230676,0.0718680502147925,2.94457766976199,0.00120009089024046
"518",0.99,10,195,0.998816157253837,0.00111328479870087,0.130577361494598,3.0553057539305,-9.74753243299191e-05
"519",0.99,100,1,0.927317523454979,5.41515259630305e-44,0.994643478835557,3.93127299338371,-0.00245965481616123
"520",0.99,100,2,0.969307760675113,2.07139147008351e-31,0.666847440310982,3.3306294149473,0.00907104604473502
"521",0.99,100,3,0.979687769689796,3.62790515173202e-26,0.572539048853477,3.31281856712702,0.0216766646083597
"522",0.99,100,4,0.985816036163782,5.1330606185055e-22,0.470886791584767,3.09953925628109,-0.00947479322430264
"523",0.99,100,5,0.985255016129858,1.90728804070262e-22,0.489646713051311,3.15833113958545,0.00657152215034529
"524",0.99,100,6,0.990536562138463,8.52060834420134e-18,0.393242635722504,3.12270316453318,0.000577852281600843
"525",0.99,100,7,0.991760766472595,1.83638298621868e-16,0.376106993862414,3.17305600446383,0.000514309400460839
"526",0.99,100,8,0.993779775774674,6.25248558306242e-14,0.318274696944489,3.04856228570655,-0.00280948805924735
"527",0.99,100,9,0.994930469632283,3.10849852485004e-12,0.284094199319287,3.0217197780595,0.000914545975148582
"528",0.99,100,10,0.994011197896246,1.3175835834824e-13,0.307299495380089,3.03653988424524,0.00724936994776723
"529",0.99,100,11,0.995536286180483,3.06250683579853e-11,0.258844413123113,2.97910244531197,0.00933176510362559
"530",0.99,100,12,0.996027072842148,2.25842899003836e-10,0.248371327160298,2.96119670718902,-0.00921917927995191
"531",0.99,100,13,0.994682676029157,1.28161794376653e-12,0.291733586108062,3.08785890839104,0.000639205570210753
"532",0.99,100,14,0.995833977100297,1.01168046230378e-10,0.265796751084876,3.19145701994475,0.00373556522441649
"533",0.99,100,15,0.99491923946036,2.98439507092098e-12,0.284215154771966,2.99304778932071,-0.00238285633900736
"534",0.99,100,16,0.997090835993783,3.02466055047971e-08,0.206342344609536,2.95694896178996,-0.00268654230822971
"535",0.99,100,17,0.995980415218554,1.85616633003225e-10,0.248191982567605,2.99249798334621,0.000440912497511339
"536",0.99,100,18,0.994822314182236,2.10455614540159e-12,0.304028579291301,3.21929829166835,-0.000251827288455341
"537",0.99,100,19,0.998467548399901,9.36910968978552e-05,0.149417393924457,3.00041575973087,-0.00603775666411901
"538",0.99,100,20,0.996589287725261,2.69473986549832e-09,0.216154005848197,2.86804353771122,-0.00189506299804828
"539",0.99,100,21,0.997165474073013,4.41865620304106e-08,0.202148811894808,3.08777022974498,0.00215832483812974
"540",0.99,100,22,0.99732586718081,1.01646482402604e-07,0.202040055650291,3.0087939630081,0.00527058222716872
"541",0.99,100,23,0.996694711886484,4.40201622074625e-09,0.220706268081739,2.93308500347355,0.00118109768912237
"542",0.99,100,24,0.997694069866441,7.63769724377234e-07,0.180117876404315,2.93806613254523,-0.00119651489185943
"543",0.99,100,25,0.997258078850085,7.12537894319177e-08,0.18686292610425,2.87207742017908,0.00359279903307558
"544",0.99,100,26,0.995971739715879,1.7899556433806e-10,0.258519298982165,3.07045392451052,0.00661291139007332
"545",0.99,100,27,0.998193058717788,1.53795261833995e-05,0.168504843709238,3.01290077037268,0.00616229719487052
"546",0.99,100,28,0.997550491013636,3.41582342642268e-07,0.194843132472549,3.05448572084398,-0.000384677521458039
"547",0.99,100,29,0.998261426146287,2.38551667503713e-05,0.164975417121008,3.0948631848808,-0.00218514677502975
"548",0.99,100,30,0.997513611546295,2.78876150220035e-07,0.188763596965458,3.00737154669399,-0.00152069548384656
"549",0.99,100,35,0.997854279056627,1.9311487741545e-06,0.177534041001061,3.10038627460998,-0.00362072319044366
"550",0.99,100,45,0.997285322663082,8.21426181147848e-08,0.190772448221599,3.06441243916466,-0.00387086383559869
"551",0.99,100,55,0.999297348027132,0.0455661789601727,0.0918587997408185,2.96489465364543,0.00128992778721524
"552",0.99,100,65,0.998963078626214,0.00335877566287815,0.116124678858275,3.02185861842977,-0.000440427476357695
"553",0.99,100,75,0.999322487701525,0.0554840811522814,0.06093940720523,2.89731889113293,9.78327460146838e-05
"554",0.99,100,85,0.999379233714078,0.0862304491489334,0.0751682508878563,3.02053994008088,-0.000416561376504297
"555",0.99,100,95,0.999462382612248,0.161819539592307,0.0706739410785776,3.08502844053234,-0.000952997064947454
"556",0.99,100,105,0.998415497659867,6.58953437521025e-05,0.14354492760896,3.12196506468749,0.000139742735729928
"557",0.99,100,115,0.998188282371205,1.49190001520779e-05,0.163478632898178,3.00108245534079,0.000909147353206641
"558",0.99,100,125,0.99943170120105,0.128684333342117,0.0684669698898879,2.92106545677229,0.000138117210063879
"559",0.99,100,135,0.99936363907142,0.076438850601207,0.0791984054399075,2.96746787624991,0.000281151049912982
"560",0.99,100,145,0.999186620679477,0.019066591864069,0.0836002478080402,2.99153820512937,-0.000150585341352973
"561",0.99,100,155,0.999369698421888,0.0801093302310015,0.0830349421537259,2.96311581055981,0.000380241897266245
"562",0.99,100,165,0.99940662122581,0.106392179089541,0.0814246350436933,2.98438674093621,-0.000249989367026324
"563",0.99,100,175,0.998945200204133,0.00293114696601292,0.10644349053545,2.90262376545084,-0.00146449184863249
"564",0.99,100,185,0.999426685900702,0.12390466309285,0.0694537464523949,3.00597315506025,-0.00124853349639001
"565",0.99,100,195,0.999386633779953,0.091286852003352,0.0524842920086338,2.88619017989654,-0.00161137888000674
